gameId,playId,nflId,teamAbbr,hadRushAttempt,rushingYards,hadDropback,passingYards,sackYardsAsOffense,hadPassReception,receivingYards,wasTargettedReceiver,yardageGainedAfterTheCatch,fumbles,fumbleLost,fumbleOutOfBounds,assistedTackle,forcedFumbleAsDefense,halfSackYardsAsDefense,passDefensed,quarterbackHit,sackYardsAsDefense,safetyAsDefense,soloTackle,tackleAssist,tackleForALoss,tackleForALossYardage,hadInterception,interceptionYards,fumbleRecoveries,fumbleRecoveryYards,penaltyYards,penaltyNames,wasInitialPassRusher,causedPressure,timeToPressureAsPassRusher,getOffTimeAsPassRusher,inMotionAtBallSnap,shiftSinceLineset,motionSinceLineset,wasRunningRoute,routeRan,blockedPlayerNFLId1,blockedPlayerNFLId2,blockedPlayerNFLId3,pressureAllowedAsBlocker,timeToPressureAllowedAsBlocker,pff_defensiveCoverageAssignment,pff_primaryDefensiveCoverageMatchupNflId,pff_secondaryDefensiveCoverageMatchupNflId
2022090800,56,35472,BUF,0,0,0,0,0,0,0,0,0,0,0,0,0,0,0,0,0,0,0,0,0,0,0,0,0,0,0,0,,,False,,,False,False,False,,,47917.0,,,0.0,,,,
2022090800,56,42392,BUF,0,0,0,0,0,0,0,0,0,0,0,0,0,0,0,0,0,0,0,0,0,0,0,0,0,0,0,0,,,False,,,False,False,False,,,47917.0,,,0.0,,,,
2022090800,56,42489,BUF,0,0,0,0,0,1,6,1,1,0,0,0,0,0,0,0,0,0,0,0,0,0,0,0,0,0,0,0,,,False,,,False,False,True,1.0,IN,,,,,,,,
2022090800,56,44875,BUF,0,0,0,0,0,0,0,0,0,0,0,0,0,0,0,0,0,0,0,0,0,0,0,0,0,0,0,0,,,False,,,False,False,False,,,43335.0,,,0.0,,,,
2022090800,56,44985,BUF,0,0,0,0,0,0,0,0,0,0,0,0,0,0,0,0,0,0,0,0,0,0,0,0,0,0,0,0,,,False,,,False,False,False,1.0,OUT,,,,,,,,
2022090800,56,46076,BUF,0,0,1,6,0,0,0,0,0,0,0,0,0,0,0,0,0,0,0,0,0,0,0,0,0,0,0,0,,,False,,,False,False,False,,,,,,,,,,
2022090800,56,47857,BUF,0,0,0,0,0,0,0,0,0,0,0,0,0,0,0,0,0,0,0,0,0,0,0,0,0,0,0,0,,,False,,,False,False,False,,,,,,,,,,
2022090800,56,47879,BUF,0,0,0,0,0,0,0,0,0,0,0,0,0,0,0,0,0,0,0,0,0,0,0,0,0,0,0,0,,,False,,,False,False,False,1.0,IN,,,,,,,,
2022090800,56,48512,BUF,0,0,0,0,0,0,0,0,0,0,0,0,0,0,0,0,0,0,0,0,0,0,0,0,0,0,0,0,,,False,,,False,False,False,,,41239.0,,,0.0,,,,
2022090800,56,52536,BUF,0,0,0,0,0,0,0,0,0,0,0,0,0,0,0,0,0,0,0,0,0,0,0,0,0,0,0,0,,,False,,,False,False,False,1.0,GO,,,,,,,,
2022090800,56,53522,BUF,0,0,0,0,0,0,0,0,0,0,0,0,0,0,0,0,0,0,0,0,0,0,0,0,0,0,0,0,,,False,,,False,False,False,,,43298.0,,,0.0,,,,
2022090800,56,38577,LA,0,0,0,0,0,0,0,0,0,0,0,0,0,0,0,0,0,0,0,0,0,0,0,0,0,0,0,0,,0.0,False,,,,,,,,,,,,,HCR,47879.0,
2022090800,56,41239,LA,0,0,0,0,0,0,0,0,0,0,0,0,0,0,0,0,0,0,0,0,0,0,0,0,0,0,0,0,,1.0,False,,1.08399999141693,,,,,,,,,,,,,
2022090800,56,42816,LA,0,0,0,0,0,0,0,0,0,0,0,0,0,0,0,0,0,0,0,0,0,0,0,0,0,0,0,0,,0.0,False,,,,,,,,,,,,,4OR,,
2022090800,56,43294,LA,0,0,0,0,0,0,0,0,0,0,0,0,0,0,0,0,0,0,0,1,0,0,0,0,0,0,0,0,,0.0,False,,,,,,,,,,,,,FL,42489.0,
2022090800,56,43298,LA,0,0,0,0,0,0,0,0,0,0,0,0,0,0,0,0,0,0,0,0,0,0,0,0,0,0,0,0,,1.0,False,,0.984000027179718,,,,,,,,,,,,,
2022090800,56,43335,LA,0,0,0,0,0,0,0,0,0,0,0,0,0,0,0,0,0,0,0,0,0,0,0,0,0,0,0,0,,1.0,False,,1.38399994373322,,,,,,,,,,,,,
2022090800,56,47844,LA,0,0,0,0,0,0,0,0,0,0,0,0,0,0,0,0,0,0,0,0,0,0,0,0,0,0,0,0,,0.0,False,,,,,,,,,,,,,CFR,44985.0,47857.0
2022090800,56,47917,LA,0,0,0,0,0,0,0,0,0,0,0,0,0,0,0,0,0,0,0,0,0,0,0,0,0,0,0,0,,1.0,False,,1.28400003910065,,,,,,,,,,,,,
2022090800,56,48026,LA,0,0,0,0,0,0,0,0,0,0,0,0,0,0,0,0,0,0,0,0,0,0,0,0,0,0,0,0,,0.0,False,,,,,,,,,,,,,4IR,,
2022090800,56,52607,LA,0,0,0,0,0,0,0,0,0,0,0,0,0,0,0,0,0,0,0,0,0,0,0,0,0,0,0,0,,0.0,False,,,,,,,,,,,,,2L,,
2022090800,56,53532,LA,0,0,0,0,0,0,0,0,0,0,0,0,0,0,0,0,0,0,0,0,0,0,0,0,0,0,0,0,,0.0,False,,,,,,,,,,,,,HCL,47879.0,42489.0
2022090800,80,35472,BUF,0,0,0,0,0,0,0,0,0,0,0,0,0,0,0,0,0,0,0,0,0,0,0,0,0,0,0,0,,,False,,,False,False,False,,,47917.0,,,0.0,,,,
2022090800,80,42392,BUF,0,0,0,0,0,0,0,0,0,0,0,0,0,0,0,0,0,0,0,0,0,0,0,0,0,0,0,0,,,False,,,False,False,False,,,47917.0,,,0.0,,,,
2022090800,80,42489,BUF,0,0,0,0,0,0,0,0,0,0,0,0,0,0,0,0,0,0,0,0,0,0,0,0,0,0,0,0,,,False,,,False,False,False,,,,,,,,,,
2022090800,80,44875,BUF,0,0,0,0,0,0,0,0,0,0,0,0,0,0,0,0,0,0,0,0,0,0,0,0,0,0,0,0,,,False,,,False,False,False,,,43335.0,,,0.0,,,,
2022090800,80,44985,BUF,0,0,0,0,0,0,0,0,0,0,0,0,0,0,0,0,0,0,0,0,0,0,0,0,0,0,0,0,,,False,,,False,False,False,,,,,,,,,,
2022090800,80,46076,BUF,1,7,0,0,0,0,0,0,0,0,0,0,0,0,0,0,0,0,0,0,0,0,0,0,0,0,0,0,,,False,,,False,False,False,,,,,,,,,,
2022090800,80,47857,BUF,0,0,0,0,0,0,0,0,0,0,0,0,0,0,0,0,0,0,0,0,0,0,0,0,0,0,0,0,,,False,,,True,False,True,,,,,,,,,,
2022090800,80,47879,BUF,0,0,0,0,0,0,0,0,0,0,0,0,0,0,0,0,0,0,0,0,0,0,0,0,0,0,0,0,,,False,,,False,False,False,,,,,,,,,,
2022090800,80,48512,BUF,0,0,0,0,0,0,0,0,0,0,0,0,0,0,0,0,0,0,0,0,0,0,0,0,0,0,0,0,,,False,,,False,False,False,,,41239.0,,,1.0,1.79999995231628,,,
2022090800,80,52536,BUF,0,0,0,0,0,0,0,0,0,0,0,0,0,0,0,0,0,0,0,0,0,0,0,0,0,0,0,0,,,False,,,False,False,False,,,,,,,,,,
2022090800,80,53522,BUF,0,0,0,0,0,0,0,0,0,0,0,0,0,0,0,0,0,0,0,0,0,0,0,0,0,0,0,0,,,False,,,False,False,False,,,43298.0,,,0.0,,,,
2022090800,80,38577,LA,0,0,0,0,0,0,0,0,0,0,0,0,0,0,0,0,0,0,0,0,0,0,0,0,0,0,0,0,,0.0,False,,,,,,,,,,,,,HCR,42489.0,
2022090800,80,41239,LA,0,0,0,0,0,0,0,0,0,0,0,0,0,0,0,0,0,0,0,0,0,0,0,0,0,0,0,0,,1.0,True,1.79999995231628,0.887000024318695,,,,,,,,,,,,,
2022090800,80,42816,LA,0,0,0,0,0,0,0,0,0,0,0,0,0,0,0,0,0,0,0,0,0,0,0,0,0,0,0,0,,0.0,False,,,,,,,,,,,,,4OR,52536.0,
2022090800,80,43294,LA,0,0,0,0,0,0,0,0,0,0,0,0,0,0,0,0,0,0,0,0,0,0,0,0,0,0,0,0,,0.0,False,,,,,,,,,,,,,FL,47857.0,
2022090800,80,43298,LA,0,0,0,0,0,0,0,0,0,0,0,0,0,0,0,0,0,0,0,0,0,0,0,0,0,0,0,0,,1.0,False,,0.986999988555908,,,,,,,,,,,,,
2022090800,80,43335,LA,0,0,0,0,0,0,0,0,0,0,0,0,0,0,0,0,0,0,0,0,0,0,0,0,0,0,0,0,,1.0,False,,1.48699998855591,,,,,,,,,,,,,
2022090800,80,47844,LA,0,0,0,0,0,0,0,0,0,0,0,0,0,0,0,0,0,0,0,0,0,0,0,0,0,0,0,0,,0.0,False,,,,,,,,,,,,,CFR,44985.0,
2022090800,80,47917,LA,0,0,0,0,0,0,0,0,0,0,0,0,0,0,0,0,0,0,0,0,0,0,0,0,0,0,0,0,,1.0,False,,1.28699994087219,,,,,,,,,,,,,
2022090800,80,48026,LA,0,0,0,0,0,0,0,0,0,0,0,0,0,0,0,0,0,0,0,0,0,0,0,0,0,0,0,0,,0.0,False,,,,,,,,,,,,,4IR,,
2022090800,80,52607,LA,0,0,0,0,0,0,0,0,0,0,0,0,0,0,0,0,0,0,0,0,0,0,0,0,0,0,0,0,,0.0,False,,,,,,,,,,,,,2L,,
2022090800,80,53532,LA,0,0,0,0,0,0,0,0,0,0,0,0,0,0,0,0,0,0,0,1,0,0,0,0,0,0,0,0,,0.0,False,,,,,,,,,,,,,HCL,47879.0,
2022090800,101,35472,BUF,0,0,0,0,0,0,0,0,0,0,0,0,0,0,0,0,0,0,0,0,0,0,0,0,0,0,0,0,,,False,,,False,False,False,,,,,,,,,,
2022090800,101,42392,BUF,0,0,0,0,0,0,0,0,0,0,0,0,0,0,0,0,0,0,0,0,0,0,0,0,0,0,0,0,,,False,,,False,False,False,,,,,,,,,,
2022090800,101,42818,BUF,0,0,0,0,0,0,0,0,0,0,0,0,0,0,0,0,0,0,0,0,0,0,0,0,0,0,0,0,,,False,,,False,False,False,,,,,,,,,,
2022090800,101,44875,BUF,0,0,0,0,0,0,0,0,0,0,0,0,0,0,0,0,0,0,0,0,0,0,0,0,0,0,0,0,,,False,,,False,False,False,,,,,,,,,,
2022090800,101,46076,BUF,0,0,0,0,0,0,0,0,0,0,0,0,0,0,0,0,0,0,0,0,0,0,0,0,0,0,0,0,,,False,,,False,False,False,,,,,,,,,,
2022090800,101,47857,BUF,1,7,0,0,0,0,0,0,0,0,0,0,0,0,0,0,0,0,0,0,0,0,0,0,0,0,0,0,,,False,,,False,False,False,,,,,,,,,,
2022090800,101,47879,BUF,0,0,0,0,0,0,0,0,0,0,0,0,0,0,0,0,0,0,0,0,0,0,0,0,0,0,0,0,,,False,,,False,False,False,,,,,,,,,,
2022090800,101,48512,BUF,0,0,0,0,0,0,0,0,0,0,0,0,0,0,0,0,0,0,0,0,0,0,0,0,0,0,0,0,,,False,,,False,False,False,,,,,,,,,,
2022090800,101,52536,BUF,0,0,0,0,0,0,0,0,0,0,0,0,0,0,0,0,0,0,0,0,0,0,0,0,0,0,0,0,,,False,,,False,False,False,,,,,,,,,,
2022090800,101,53079,BUF,0,0,0,0,0,0,0,0,0,0,0,0,0,0,0,0,0,0,0,0,0,0,0,0,0,0,0,0,,,False,,,True,False,True,,,,,,,,,,
2022090800,101,53522,BUF,0,0,0,0,0,0,0,0,0,0,0,0,0,0,0,0,0,0,0,0,0,0,0,0,0,0,0,0,,,False,,,False,False,False,,,,,,,,,,
2022090800,101,38577,LA,0,0,0,0,0,0,0,0,0,0,0,0,0,0,0,0,0,0,0,0,0,0,0,0,0,0,0,0,,,False,,,,,,,,,,,,,,,
2022090800,101,41239,LA,0,0,0,0,0,0,0,0,0,0,0,0,0,0,0,0,0,0,0,0,0,0,0,0,0,0,0,0,,,False,,1.61800003051758,,,,,,,,,,,,,
2022090800,101,42816,LA,0,0,0,0,0,0,0,0,0,0,0,0,0,0,0,0,0,0,0,1,0,0,0,0,0,0,0,0,,,False,,,,,,,,,,,,,,,
2022090800,101,43294,LA,0,0,0,0,0,0,0,0,0,0,0,0,0,0,0,0,0,0,0,0,0,0,0,0,0,0,0,0,,,False,,,,,,,,,,,,,,,
2022090800,101,43298,LA,0,0,0,0,0,0,0,0,0,0,0,0,0,0,0,0,0,0,0,0,0,0,0,0,0,0,0,0,,,False,,,,,,,,,,,,,,,
2022090800,101,43335,LA,0,0,0,0,0,0,0,0,0,0,0,0,0,0,0,0,0,0,0,0,0,0,0,0,0,0,0,0,,,False,,,,,,,,,,,,,,,
2022090800,101,47844,LA,0,0,0,0,0,0,0,0,0,0,0,0,0,0,0,0,0,0,0,0,0,0,0,0,0,0,0,0,,,False,,,,,,,,,,,,,,,
2022090800,101,47862,LA,0,0,0,0,0,0,0,0,0,0,0,0,0,0,0,0,0,0,0,0,0,0,0,0,0,0,0,0,,,False,,,,,,,,,,,,,,,
2022090800,101,47917,LA,0,0,0,0,0,0,0,0,0,0,0,0,0,0,0,0,0,0,0,0,0,0,0,0,0,0,0,0,,,False,,,,,,,,,,,,,,,
2022090800,101,47939,LA,0,0,0,0,0,0,0,0,0,0,0,0,0,0,0,0,0,0,0,0,0,0,0,0,0,0,0,0,,,False,,1.817999958992,,,,,,,,,,,,,
2022090800,101,48026,LA,0,0,0,0,0,0,0,0,0,0,0,0,0,0,0,0,0,0,0,0,0,0,0,0,0,0,0,0,,,False,,,,,,,,,,,,,,,
2022090800,122,35472,BUF,0,0,0,0,0,0,0,0,0,0,0,0,0,0,0,0,0,0,0,0,0,0,0,0,0,0,0,0,,,False,,,False,False,False,,,41239.0,,,0.0,,,,
2022090800,122,42392,BUF,0,0,0,0,0,0,0,0,0,0,0,0,0,0,0,0,0,0,0,0,0,0,0,0,0,0,0,0,,,False,,,False,False,False,,,47917.0,,,1.0,2.40000009536743,,,
2022090800,122,42489,BUF,0,0,0,0,0,0,0,0,0,0,0,0,0,0,0,0,0,0,0,0,0,0,0,0,0,0,0,0,,,False,,,False,False,False,1.0,GO,,,,,,,,
2022090800,122,44875,BUF,0,0,0,0,0,0,0,0,0,0,0,0,0,0,0,0,0,0,0,0,0,0,0,0,0,0,0,0,,,False,,,False,False,False,,,47939.0,,,0.0,,,,
2022090800,122,44985,BUF,0,0,0,0,0,0,0,0,0,0,0,0,0,0,0,0,0,0,0,0,0,0,0,0,0,0,0,0,,,False,,,False,False,False,1.0,POST,,,,,,,,
2022090800,122,46076,BUF,0,0,1,6,0,0,0,0,0,0,0,0,0,0,0,0,0,0,0,0,0,0,0,0,0,0,0,0,,,False,,,False,False,False,,,,,,,,,,
2022090800,122,47857,BUF,0,0,0,0,0,1,6,1,9,0,0,0,0,0,0,0,0,0,0,0,0,0,0,0,0,0,0,0,,,False,,,False,False,False,1.0,FLAT,,,,,,,,
2022090800,122,47879,BUF,0,0,0,0,0,0,0,0,0,0,0,0,0,0,0,0,0,0,0,0,0,0,0,0,0,0,0,0,,,False,,,False,False,False,,,,,,0.0,,,,
2022090800,122,48512,BUF,0,0,0,0,0,0,0,0,0,0,0,0,0,0,0,0,0,0,0,0,0,0,0,0,0,0,0,0,,,False,,,False,False,False,,,43298.0,43335.0,,0.0,,,,
2022090800,122,52536,BUF,0,0,0,0,0,0,0,0,0,0,0,0,0,0,0,0,0,0,0,0,0,0,0,0,0,0,0,0,,,False,,,False,False,False,1.0,GO,,,,,,,,
2022090800,122,53522,BUF,0,0,0,0,0,0,0,0,0,0,0,0,0,0,0,0,0,0,0,0,0,0,0,0,0,0,0,0,,,False,,,False,False,False,,,43298.0,,,0.0,,,,
2022090800,122,38577,LA,0,0,0,0,0,0,0,0,0,0,0,0,0,0,0,0,0,0,0,1,0,0,0,0,0,0,0,0,,0.0,False,,,,,,,,,,,,,CFL,47857.0,
2022090800,122,41239,LA,0,0,0,0,0,0,0,0,0,0,0,0,0,0,0,0,0,0,0,0,0,0,0,0,0,0,0,0,,1.0,False,,1.0460000038147,,,,,,,,,,,,,
2022090800,122,42816,LA,0,0,0,0,0,0,0,0,0,0,0,0,0,0,0,0,0,0,0,0,0,0,0,0,0,0,0,0,,0.0,False,,,,,,,,,,,,,3L,42489.0,
2022090800,122,43294,LA,0,0,0,0,0,0,0,0,0,0,0,0,0,0,0,0,0,0,0,0,0,0,0,0,0,0,0,0,,0.0,False,,,,,,,,,,,,,CFR,44985.0,
2022090800,122,43298,LA,0,0,0,0,0,0,0,0,0,0,0,0,0,0,0,0,0,0,0,0,0,0,0,0,0,0,0,0,,1.0,False,,1.14600002765656,,,,,,,,,,,,,
2022090800,122,43335,LA,0,0,0,0,0,0,0,0,0,0,0,0,0,0,0,0,0,0,0,0,0,0,0,0,0,0,0,0,,1.0,False,,1.14600002765656,,,,,,,,,,,,,
2022090800,122,47844,LA,0,0,0,0,0,0,0,0,0,0,0,0,0,0,0,0,0,0,0,0,0,0,0,0,0,0,0,0,,0.0,False,,,,,,,,,,,,,HOL,44985.0,
2022090800,122,47862,LA,0,0,0,0,0,0,0,0,0,0,0,0,0,0,0,0,0,0,0,0,0,0,0,0,0,0,0,0,,0.0,False,,,,,,,,,,,,,3R,52536.0,
2022090800,122,47917,LA,0,0,0,0,0,0,0,0,0,0,0,0,0,0,0,0,0,0,0,0,0,0,0,0,0,0,0,0,,1.0,True,2.40000009536743,1.34599995613098,,,,,,,,,,,,,
2022090800,122,47939,LA,0,0,0,0,0,0,0,0,0,0,0,0,0,0,0,0,0,0,0,0,0,0,0,0,0,0,0,0,,1.0,False,,0.846000015735626,,,,,,,,,,,,,
2022090800,122,48026,LA,0,0,0,0,0,0,0,0,0,0,0,0,0,0,0,0,0,0,0,0,0,0,0,0,0,0,0,0,,0.0,False,,,,,,,,,,,,,3M,,
2022090800,167,35472,BUF,0,0,0,0,0,0,0,0,0,0,0,0,0,0,0,0,0,0,0,0,0,0,0,0,0,0,0,0,,,False,,,False,False,False,,,41239.0,,,0.0,,,,
2022090800,167,42392,BUF,0,0,0,0,0,0,0,0,0,0,0,0,0,0,0,0,0,0,0,0,0,0,0,0,0,0,0,0,,,False,,,False,False,False,,,47917.0,,,0.0,,,,
2022090800,167,42489,BUF,0,0,0,0,0,1,12,1,6,0,0,0,0,0,0,0,0,0,0,0,0,0,0,0,0,0,0,0,,,False,,,False,False,False,1.0,SLANT,,,,,,,,
2022090800,167,44875,BUF,0,0,0,0,0,0,0,0,0,0,0,0,0,0,0,0,0,0,0,0,0,0,0,0,0,0,0,0,,,False,,,False,False,False,,,47939.0,,,0.0,,,,
2022090800,167,44985,BUF,0,0,0,0,0,0,0,0,0,0,0,0,0,0,0,0,0,0,0,0,0,0,0,0,0,0,0,0,,,False,,,False,False,False,1.0,HITCH,,,,,,,,
2022090800,167,46076,BUF,0,0,1,12,0,0,0,0,0,0,0,0,0,0,0,0,0,0,0,0,0,0,0,0,0,0,0,0,,,False,,,False,False,False,,,,,,,,,,
2022090800,167,47879,BUF,0,0,0,0,0,0,0,0,0,0,0,0,0,0,0,0,0,0,0,0,0,0,0,0,0,0,0,0,,,False,,,False,False,False,1.0,GO,,,,,,,,
2022090800,167,48512,BUF,0,0,0,0,0,0,0,0,0,0,0,0,0,0,0,0,0,0,0,0,0,0,0,0,0,0,0,0,,,False,,,False,False,False,,,47917.0,,,0.0,,,,
2022090800,167,52494,BUF,0,0,0,0,0,0,0,0,0,0,0,0,0,0,0,0,0,0,0,0,0,0,0,0,0,0,0,0,,,False,,,False,False,False,1.0,SCREEN,,,,,,,,
2022090800,167,52536,BUF,0,0,0,0,0,0,0,0,0,0,0,0,0,0,0,0,0,0,0,0,0,0,0,0,0,0,0,0,,,False,,,False,False,False,1.0,IN,,,,,,,,
2022090800,167,53522,BUF,0,0,0,0,0,0,0,0,0,0,0,0,0,0,0,0,0,0,0,0,0,0,0,0,0,0,0,0,,,False,,,False,False,False,,,43335.0,,,0.0,,,,
2022090800,167,38577,LA,0,0,0,0,0,0,0,0,0,0,0,0,0,0,0,0,0,0,0,0,0,0,0,0,0,0,0,0,,0.0,False,,,,,,,,,,,,,HCR,,
2022090800,167,41239,LA,0,0,0,0,0,0,0,0,0,0,0,0,0,0,0,0,0,0,0,0,0,0,0,0,0,0,0,0,,1.0,False,,0.808000028133392,,,,,,,,,,,,,
2022090800,167,42816,LA,0,0,0,0,0,0,0,0,0,0,0,0,0,0,0,0,0,0,0,0,0,0,0,0,0,0,0,0,,0.0,False,,,,,,,,,,,,,3R,52536.0,
2022090800,167,43294,LA,0,0,0,0,0,0,0,0,0,0,0,0,0,0,0,0,0,0,0,0,0,0,0,0,0,0,0,0,,0.0,False,,,,,,,,,,,,,CFL,47879.0,52494.0
2022090800,167,43298,LA,0,0,0,0,0,0,0,0,0,0,0,0,0,0,0,0,0,0,0,1,0,0,0,0,0,0,0,0,,0.0,False,,,,,,,,,,,,,HCL,42489.0,
2022090800,167,43335,LA,0,0,0,0,0,0,0,0,0,0,0,0,0,0,0,0,0,0,0,0,0,0,0,0,0,0,0,0,,1.0,False,,1.00800001621246,,,,,,,,,,,,,
2022090800,167,47844,LA,0,0,0,0,0,0,0,0,0,0,0,0,0,0,0,0,0,0,0,0,0,0,0,0,0,0,0,0,,0.0,False,,,,,,,,,,,,,CFR,52536.0,44985.0
2022090800,167,47862,LA,0,0,0,0,0,0,0,0,0,0,0,0,0,0,0,0,0,0,0,0,0,0,0,0,0,0,0,0,,0.0,False,,,,,,,,,,,,,3L,47879.0,
2022090800,167,47917,LA,0,0,0,0,0,0,0,0,0,0,0,0,0,0,0,0,0,0,0,0,0,0,0,0,0,0,0,0,,1.0,False,,1.20799994468689,,,,,,,,,,,,,
2022090800,167,47939,LA,0,0,0,0,0,0,0,0,0,0,0,0,0,0,0,0,0,0,0,0,0,0,0,0,0,0,0,0,,1.0,False,,0.808000028133392,,,,,,,,,,,,,
2022090800,167,48026,LA,0,0,0,0,0,0,0,0,0,0,0,0,0,0,0,0,0,0,0,0,0,0,0,0,0,0,0,0,,0.0,False,,,,,,,,,,,,,3M,,
2022090800,191,35472,BUF,0,0,0,0,0,0,0,0,0,0,0,0,0,0,0,0,0,0,0,0,0,0,0,0,0,0,0,0,,,False,,,False,False,False,,,,,,,,,,
2022090800,191,42392,BUF,0,0,0,0,0,0,0,0,0,0,0,0,0,0,0,0,0,0,0,0,0,0,0,0,0,0,0,0,,,False,,,False,False,False,,,,,,,,,,
2022090800,191,42818,BUF,0,0,0,0,0,0,0,0,0,0,0,0,0,0,0,0,0,0,0,0,0,0,0,0,0,0,0,0,,,False,,,False,False,False,,,,,,,,,,
2022090800,191,44875,BUF,0,0,0,0,0,0,0,0,0,0,0,0,0,0,0,0,0,0,0,0,0,0,0,0,0,0,0,0,,,False,,,False,False,False,,,,,,,,,,
2022090800,191,46076,BUF,0,0,0,0,0,0,0,0,0,0,0,0,0,0,0,0,0,0,0,0,0,0,0,0,0,0,0,0,,,False,,,False,False,False,,,,,,,,,,
2022090800,191,47879,BUF,0,0,0,0,0,0,0,0,0,0,0,0,0,0,0,0,0,0,0,0,0,0,0,0,0,0,0,0,,,False,,,False,False,False,,,,,,,,,,
2022090800,191,48512,BUF,0,0,0,0,0,0,0,0,0,0,0,0,0,0,0,0,0,0,0,0,0,0,0,0,0,0,0,0,,,False,,,False,False,False,,,,,,,,,,
2022090800,191,52494,BUF,1,1,0,0,0,0,0,0,0,0,0,0,0,0,0,0,0,0,0,0,0,0,0,0,0,0,0,0,,,False,,,False,False,False,,,,,,,,,,
2022090800,191,52536,BUF,0,0,0,0,0,0,0,0,0,0,0,0,0,0,0,0,0,0,0,0,0,0,0,0,0,0,0,0,,,False,,,False,False,False,,,,,,,,,,
2022090800,191,53079,BUF,0,0,0,0,0,0,0,0,0,0,0,0,0,0,0,0,0,0,0,0,0,0,0,0,0,0,0,0,,,False,,,False,False,True,,,,,,,,,,
2022090800,191,53522,BUF,0,0,0,0,0,0,0,0,0,0,0,0,0,0,0,0,0,0,0,0,0,0,0,0,0,0,0,0,,,False,,,False,False,False,,,,,,,,,,
2022090800,191,38577,LA,0,0,0,0,0,0,0,0,0,0,0,0,0,0,0,0,0,0,0,0,0,0,0,0,0,0,0,0,,,False,,,,,,,,,,,,,,,
2022090800,191,41239,LA,0,0,0,0,0,0,0,0,0,0,0,0,0,0,0,0,0,0,0,0,0,0,0,0,0,0,0,0,,,False,,,,,,,,,,,,,,,
2022090800,191,42816,LA,0,0,0,0,0,0,0,0,0,0,0,0,0,0,0,0,0,0,0,0,0,0,0,0,0,0,0,0,,,False,,,,,,,,,,,,,,,
2022090800,191,43294,LA,0,0,0,0,0,0,0,0,0,0,0,0,0,0,0,0,0,0,0,0,0,0,0,0,0,0,0,0,,,False,,,,,,,,,,,,,,,
2022090800,191,43335,LA,0,0,0,0,0,0,0,0,0,0,0,0,0,0,0,0,0,0,0,0,0,0,0,0,0,0,0,0,,,False,,1.70700001716614,,,,,,,,,,,,,
2022090800,191,47844,LA,0,0,0,0,0,0,0,0,0,0,0,0,0,0,0,0,0,0,0,0,0,0,0,0,0,0,0,0,,,False,,,,,,,,,,,,,,,
2022090800,191,47862,LA,0,0,0,0,0,0,0,0,0,0,0,0,0,0,0,0,0,0,0,0,0,0,0,0,0,0,0,0,,,False,,,,,,,,,,,,,,,
2022090800,191,47917,LA,0,0,0,0,0,0,0,0,0,0,0,0,0,0,0,0,0,0,0,0,1,0,0,0,0,0,0,0,,,False,,1.10699999332428,,,,,,,,,,,,,
2022090800,191,47939,LA,0,0,0,0,0,0,0,0,0,0,0,0,0,0,0,0,0,0,0,0,0,0,0,0,0,0,0,0,,,False,,,,,,,,,,,,,,,
2022090800,191,48026,LA,0,0,0,0,0,0,0,0,0,0,0,0,0,0,0,0,0,0,0,0,0,0,0,0,0,0,0,0,,,False,,,,,,,,,,,,,,,
2022090800,191,52492,LA,0,0,0,0,0,0,0,0,0,0,0,0,1,0,0,0,0,0,0,0,0,0,0,0,0,0,0,0,,,False,,,,,,,,,,,,,,,
2022090800,212,35472,BUF,0,0,0,0,0,0,0,0,0,0,0,0,0,0,0,0,0,0,0,0,0,0,0,0,0,0,0,0,,,False,,,False,False,False,,,41239.0,,,0.0,,,,
2022090800,212,42392,BUF,0,0,0,0,0,0,0,0,0,0,0,0,0,0,0,0,0,0,0,0,0,0,0,0,0,0,0,0,,,False,,,False,False,False,,,41239.0,,,0.0,,,,
2022090800,212,42818,BUF,0,0,0,0,0,0,0,0,0,0,0,0,0,0,0,0,0,0,0,0,0,0,0,0,0,0,0,0,,,False,,,False,False,False,1.0,IN,,,,,,,,
2022090800,212,44875,BUF,0,0,0,0,0,0,0,0,0,0,0,0,0,0,0,0,0,0,0,0,0,0,0,0,0,0,0,0,,,False,,,False,False,False,,,41239.0,47939.0,,0.0,,,,
2022090800,212,44985,BUF,0,0,0,0,0,0,0,0,0,0,0,0,0,0,0,0,0,0,0,0,0,0,0,0,0,0,0,0,,,False,,,False,False,False,1.0,OUT,,,,,,,,
2022090800,212,46076,BUF,0,0,1,8,0,0,0,0,0,0,0,0,0,0,0,0,0,0,0,0,0,0,0,0,0,0,0,0,,,False,,,False,False,False,,,,,,,,,,
2022090800,212,47879,BUF,0,0,0,0,0,0,0,0,0,0,0,0,0,0,0,0,0,0,0,0,0,0,0,0,0,0,0,0,,,False,,,True,False,True,1.0,IN,,,,,,,,
2022090800,212,48512,BUF,0,0,0,0,0,0,0,0,0,0,0,0,0,0,0,0,0,0,0,0,0,0,0,0,0,0,0,0,,,False,,,False,False,False,,,47917.0,,,0.0,,,,
2022090800,212,52494,BUF,0,0,0,0,0,1,8,1,2,0,0,0,0,0,0,0,0,0,0,0,0,0,0,0,0,0,0,0,,,False,,,False,False,False,1.0,ANGLE,,,,,,,,
2022090800,212,52536,BUF,0,0,0,0,0,0,0,0,0,0,0,0,0,0,0,0,0,0,0,0,0,0,0,0,0,0,0,0,,,False,,,False,False,False,1.0,CROSS,,,,,,,,
2022090800,212,53522,BUF,0,0,0,0,0,0,0,0,0,0,0,0,0,0,0,0,0,0,0,0,0,0,0,0,0,0,0,0,,,False,,,False,False,False,,,52492.0,,,0.0,,,,
2022090800,212,38577,LA,0,0,0,0,0,0,0,0,0,0,0,0,0,0,0,0,0,0,0,1,0,0,0,0,0,0,0,0,,0.0,False,,,,,,,,,,,,,MAN,52494.0,
2022090800,212,41239,LA,0,0,0,0,0,0,0,0,0,0,0,0,0,0,0,0,0,0,0,0,0,0,0,0,0,0,0,0,,1.0,False,,0.635999977588654,,,,,,,,,,,,,
2022090800,212,42816,LA,0,0,0,0,0,0,0,0,0,0,0,0,0,0,0,0,0,0,0,0,0,0,0,0,0,0,0,0,,0.0,False,,,,,,,,,,,,,MAN,44985.0,
2022090800,212,43294,LA,0,0,0,0,0,0,0,0,0,0,0,0,0,0,0,0,0,0,0,0,0,0,0,0,0,0,0,0,,0.0,False,,,,,,,,,,,,,MAN,52536.0,
2022090800,212,47844,LA,0,0,0,0,0,0,0,0,0,0,0,0,0,0,0,0,0,0,0,0,0,0,0,0,0,0,0,0,,0.0,False,,,,,,,,,,,,,HOL,52536.0,
2022090800,212,47862,LA,0,0,0,0,0,0,0,0,0,0,0,0,0,0,0,0,0,0,0,0,0,0,0,0,0,0,0,0,,0.0,False,,,,,,,,,,,,,MAN,42818.0,
2022090800,212,47917,LA,0,0,0,0,0,0,0,0,0,0,0,0,0,0,0,0,0,0,0,0,0,0,0,0,0,0,0,0,,1.0,False,,1.1360000371933,,,,,,,,,,,,,
2022090800,212,47939,LA,0,0,0,0,0,0,0,0,0,0,0,0,0,0,0,0,0,0,0,0,0,0,0,0,0,0,0,0,,1.0,False,,0.635999977588654,,,,,,,,,,,,,
2022090800,212,48026,LA,0,0,0,0,0,0,0,0,0,0,0,0,0,0,0,0,0,0,0,0,0,0,0,0,0,0,0,0,,0.0,False,,,,,,,,,,,,,DF,,
2022090800,212,52492,LA,0,0,0,0,0,0,0,0,0,0,0,0,0,0,0,0,0,0,0,0,0,0,0,0,0,0,0,0,,1.0,False,,0.53600001335144,,,,,,,,,,,,,
2022090800,212,53532,LA,0,0,0,0,0,0,0,0,0,0,0,0,0,0,0,0,0,0,0,0,0,0,0,0,0,0,0,0,,0.0,False,,,,,,,,,,,,,MAN,47879.0,
2022090800,236,35472,BUF,0,0,0,0,0,0,0,0,0,0,0,0,0,0,0,0,0,0,0,0,0,0,0,0,0,0,0,0,,,False,,,False,False,False,,,47917.0,,,0.0,,,,
2022090800,236,42392,BUF,0,0,0,0,0,0,0,0,0,0,0,0,0,0,0,0,0,0,0,0,0,0,0,0,0,0,0,0,,,False,,,False,False,False,,,41239.0,,,0.0,,,,
2022090800,236,44875,BUF,0,0,0,0,0,0,0,0,0,0,0,0,0,0,0,0,0,0,0,0,0,0,0,0,0,0,0,0,,,False,,,False,False,False,,,43335.0,,,0.0,,,,
2022090800,236,46076,BUF,0,0,1,26,0,0,0,0,0,0,0,0,0,0,0,0,0,0,0,0,0,0,0,0,0,0,0,0,,,False,,,False,False,False,,,,,,,,,,
2022090800,236,47879,BUF,0,0,0,0,0,0,0,0,0,0,0,0,0,0,0,0,0,0,0,0,0,0,0,0,0,0,0,0,,,False,,,False,False,False,,,41239.0,,,0.0,,,,
2022090800,236,48011,BUF,0,0,0,0,0,0,0,0,0,0,0,0,0,0,0,0,0,0,0,0,0,0,0,0,0,0,0,0,,,False,,,False,False,False,,,43335.0,47939.0,,0.0,,,,
2022090800,236,48512,BUF,0,0,0,0,0,0,0,0,0,0,0,0,0,0,0,0,0,0,0,0,0,0,0,0,0,0,0,0,,,False,,,False,False,False,,,41239.0,,,0.0,,,,
2022090800,236,52494,BUF,0,0,0,0,0,0,0,0,0,0,0,0,0,0,0,0,0,0,0,0,0,0,0,0,0,0,0,0,,,False,,,False,False,False,1.0,FLAT,,,,,,,,
2022090800,236,52536,BUF,0,0,0,0,0,1,26,1,11,0,0,0,0,0,0,0,0,0,0,0,0,0,0,0,0,0,0,0,,,False,,,True,False,True,1.0,CORNER,,,,,,,,
2022090800,236,53079,BUF,0,0,0,0,0,0,0,0,0,0,0,0,0,0,0,0,0,0,0,0,0,0,0,0,0,0,0,0,,,False,,,False,False,False,1.0,OUT,,,,,,,,
2022090800,236,53522,BUF,0,0,0,0,0,0,0,0,0,0,0,0,0,0,0,0,0,0,0,0,0,0,0,0,0,0,0,0,,,False,,,False,False,False,,,43335.0,,,0.0,,,,
2022090800,236,38577,LA,0,0,0,0,0,0,0,0,0,0,0,0,0,0,0,0,0,0,0,0,0,0,0,0,0,0,0,0,,0.0,False,,,,,,,,,,,,,HOL,,
2022090800,236,41239,LA,0,0,0,0,0,0,0,0,0,0,0,0,0,0,0,0,0,0,0,0,0,0,0,0,0,0,0,0,,1.0,False,,0.763000011444092,,,,,,,,,,,,,
2022090800,236,42816,LA,0,0,0,0,0,0,0,0,0,0,0,0,0,0,0,0,0,0,0,0,0,0,0,0,0,0,0,0,,0.0,False,,,,,,,,,,,,,3R,,
2022090800,236,43294,LA,0,0,0,0,0,0,0,0,0,0,0,0,0,0,0,0,0,0,0,0,0,0,0,0,0,0,0,0,,0.0,False,,,,,,,,,,,,,3L,52536.0,
2022090800,236,43335,LA,0,0,0,0,0,0,0,0,0,0,0,0,0,0,0,0,0,0,0,0,0,0,0,0,0,0,0,0,,1.0,False,,1.26300001144409,,,,,,,,,,,,,
2022090800,236,47844,LA,0,0,0,0,0,0,0,0,0,0,0,0,0,0,0,0,0,0,0,0,0,0,0,0,0,0,0,0,,0.0,False,,,,,,,,,,,,,3M,,
2022090800,236,47917,LA,0,0,0,0,0,0,0,0,0,0,0,0,0,0,0,0,0,0,0,0,0,0,0,0,0,0,0,0,,1.0,False,,,,,,,,,,,,,,,
2022090800,236,47939,LA,0,0,0,0,0,0,0,0,0,0,0,0,0,0,0,0,0,0,0,0,0,0,0,0,0,0,0,0,,0.0,False,,,,,,,,,,,,,,,
2022090800,236,48026,LA,0,0,0,0,0,0,0,0,0,0,0,0,0,0,0,0,0,0,0,0,0,0,0,0,0,0,0,0,,0.0,False,,,,,,,,,,,,,CFL,,
2022090800,236,52492,LA,0,0,0,0,0,0,0,0,0,0,0,0,0,0,0,0,0,0,0,0,0,0,0,0,0,0,0,0,,0.0,False,,1.66299998760223,,,,,,,,,,,,,
2022090800,236,53532,LA,0,0,0,0,0,0,0,0,0,0,0,0,0,0,0,0,0,0,0,0,0,0,0,0,0,0,0,0,,0.0,False,,,,,,,,,,,,,CFR,,
2022090800,299,37075,BUF,0,0,0,0,0,0,0,0,0,0,0,0,0,0,0,0,0,0,0,0,0,0,0,0,0,0,0,0,,,False,,1.07099997997284,,,,,,,,,,,,,
2022090800,299,40107,BUF,0,0,0,0,0,0,0,0,0,0,0,0,0,0,0,0,0,0,0,0,0,0,0,0,0,0,0,0,,,False,,,,,,,,,,,,,,,
2022090800,299,40166,BUF,0,0,0,0,0,0,0,0,0,0,0,0,0,0,0,0,0,0,0,0,0,0,0,0,0,0,0,0,,,False,,,,,,,,,,,,,,,
2022090800,299,41341,BUF,0,0,0,0,0,0,0,0,0,0,0,0,0,0,0,0,0,0,0,0,0,0,0,0,0,0,0,0,,,False,,,,,,,,,,,,,,,
2022090800,299,44976,BUF,0,0,0,0,0,0,0,0,0,0,0,0,0,0,0,0,0,0,0,0,0,0,0,0,0,0,0,0,,,False,,,,,,,,,,,,,,,
2022090800,299,46085,BUF,0,0,0,0,0,0,0,0,0,0,0,0,0,0,0,0,0,0,0,0,0,0,0,0,0,0,0,0,,,False,,,,,,,,,,,,,,,
2022090800,299,46190,BUF,0,0,0,0,0,0,0,0,0,0,0,0,0,0,0,0,0,0,0,0,0,0,0,0,0,0,0,0,,,False,,,,,,,,,,,,,,,
2022090800,299,47792,BUF,0,0,0,0,0,0,0,0,0,0,0,0,0,0,0,0,0,0,0,0,0,0,0,0,0,0,0,0,,,False,,,,,,,,,,,,,,,
2022090800,299,52647,BUF,0,0,0,0,0,0,0,0,0,0,0,0,0,0,0,0,0,0,0,0,0,0,0,0,0,0,0,0,,,False,,,,,,,,,,,,,,,
2022090800,299,53459,BUF,0,0,0,0,0,0,0,0,0,0,0,0,0,0,0,0,0,0,0,1,0,0,0,0,0,0,0,0,,,False,,,,,,,,,,,,,,,
2022090800,299,54650,BUF,0,0,0,0,0,0,0,0,0,0,0,0,0,0,0,0,0,0,0,0,0,0,0,0,0,0,0,0,,,False,,,,,,,,,,,,,,,
2022090800,299,34452,LA,0,0,0,0,0,0,0,0,0,0,0,0,0,0,0,0,0,0,0,0,0,0,0,0,0,0,0,0,,,False,,,False,False,False,,,,,,,,,,
2022090800,299,41290,LA,0,0,0,0,0,0,0,0,0,0,0,0,0,0,0,0,0,0,0,0,0,0,0,0,0,0,0,0,,,False,,,False,False,False,,,,,,,,,,
2022090800,299,42400,LA,0,0,0,0,0,0,0,0,0,0,0,0,0,0,0,0,0,0,0,0,0,0,0,0,0,0,0,0,,,False,,,False,False,False,,,,,,,,,,
2022090800,299,43399,LA,0,0,0,0,0,0,0,0,0,0,0,0,0,0,0,0,0,0,0,0,0,0,0,0,0,0,0,0,,,False,,,False,True,True,,,,,,,,,,
2022090800,299,44881,LA,0,0,0,0,0,0,0,0,0,0,0,0,0,0,0,0,0,0,0,0,0,0,0,0,0,0,0,0,,,False,,,True,False,True,,,,,,,,,,
2022090800,299,46158,LA,0,0,0,0,0,0,0,0,0,0,0,0,0,0,0,0,0,0,0,0,0,0,0,0,0,0,0,0,,,False,,,False,False,False,,,,,,,,,,
2022090800,299,46180,LA,0,0,0,0,0,0,0,0,0,0,0,0,0,0,0,0,0,0,0,0,0,0,0,0,0,0,0,0,,,False,,,False,False,False,,,,,,,,,,
2022090800,299,46376,LA,0,0,0,0,0,0,0,0,0,0,0,0,0,0,0,0,0,0,0,0,0,0,0,0,0,0,0,0,,,False,,,False,False,False,,,,,,,,,,
2022090800,299,47853,LA,1,5,0,0,0,0,0,0,0,0,0,0,0,0,0,0,0,0,0,0,0,0,0,0,0,0,0,0,,,False,,,False,False,False,,,,,,,,,,
2022090800,299,47952,LA,0,0,0,0,0,0,0,0,0,0,0,0,0,0,0,0,0,0,0,0,0,0,0,0,0,0,0,0,,,False,,,False,False,False,,,,,,,,,,
2022090800,299,53678,LA,0,0,0,0,0,0,0,0,0,0,0,0,0,0,0,0,0,0,0,0,0,0,0,0,0,0,0,0,,,False,,,False,True,True,,,,,,,,,,
2022090800,343,37075,BUF,0,0,0,0,0,0,0,0,0,0,0,0,0,0,0,0,0,0,0,0,0,0,0,0,0,0,0,0,,,False,,0.741999983787537,,,,,,,,,,,,,
2022090800,343,40107,BUF,0,0,0,0,0,0,0,0,0,0,0,0,0,0,0,0,0,0,0,0,0,0,0,0,0,0,0,0,,,False,,,,,,,,,,,,,,,
2022090800,343,40166,BUF,0,0,0,0,0,0,0,0,0,0,0,0,0,0,0,0,0,0,0,0,0,0,0,0,0,0,0,0,,,False,,,,,,,,,,,,,,,
2022090800,343,41341,BUF,0,0,0,0,0,0,0,0,0,0,0,0,0,0,0,0,0,0,0,0,0,0,0,0,0,0,0,0,,,False,,1.84200000762939,,,,,,,,,,,,,
2022090800,343,44976,BUF,0,0,0,0,0,0,0,0,0,0,0,0,0,0,0,0,0,0,0,0,0,0,0,0,0,0,0,0,,,False,,,,,,,,,,,,,,,
2022090800,343,46085,BUF,0,0,0,0,0,0,0,0,0,0,0,0,0,0,0,0,0,0,0,1,0,0,0,0,0,0,0,0,,,False,,,,,,,,,,,,,,,
2022090800,343,46190,BUF,0,0,0,0,0,0,0,0,0,0,0,0,0,0,0,0,0,0,0,0,0,0,0,0,0,0,0,0,,,False,,,,,,,,,,,,,,,
2022090800,343,47792,BUF,0,0,0,0,0,0,0,0,0,0,0,0,0,0,0,0,0,0,0,0,0,0,0,0,0,0,0,0,,,False,,1.14199995994568,,,,,,,,,,,,,
2022090800,343,52647,BUF,0,0,0,0,0,0,0,0,0,0,0,0,0,0,0,0,0,0,0,0,0,0,0,0,0,0,0,0,,,False,,,,,,,,,,,,,,,
2022090800,343,53459,BUF,0,0,0,0,0,0,0,0,0,0,0,0,0,0,0,0,0,0,0,0,0,0,0,0,0,0,0,0,,,False,,1.04200005531311,,,,,,,,,,,,,
2022090800,343,54650,BUF,0,0,0,0,0,0,0,0,0,0,0,0,0,0,0,0,0,0,0,0,0,0,0,0,0,0,0,0,,,False,,,,,,,,,,,,,,,
2022090800,343,34452,LA,0,0,0,0,0,0,0,0,0,0,0,0,0,0,0,0,0,0,0,0,0,0,0,0,0,0,0,0,,,False,,,False,False,False,,,,,,,,,,
2022090800,343,41290,LA,0,0,0,0,0,0,0,0,0,0,0,0,0,0,0,0,0,0,0,0,0,0,0,0,0,0,0,0,,,False,,,False,False,False,,,,,,,,,,
2022090800,343,42400,LA,0,0,0,0,0,0,0,0,0,0,0,0,0,0,0,0,0,0,0,0,0,0,0,0,0,0,0,0,,,False,,,False,False,False,,,,,,,,,,
2022090800,343,43399,LA,0,0,0,0,0,0,0,0,0,0,0,0,0,0,0,0,0,0,0,0,0,0,0,0,0,0,0,0,,,False,,,False,False,False,,,,,,,,,,
2022090800,343,44881,LA,0,0,0,0,0,0,0,0,0,0,0,0,0,0,0,0,0,0,0,0,0,0,0,0,0,0,0,0,,,False,,,True,False,True,,,,,,,,,,
2022090800,343,46158,LA,0,0,0,0,0,0,0,0,0,0,0,0,0,0,0,0,0,0,0,0,0,0,0,0,0,0,0,0,,,False,,,False,False,False,,,,,,,,,,
2022090800,343,46180,LA,0,0,0,0,0,0,0,0,0,0,0,0,0,0,0,0,0,0,0,0,0,0,0,0,0,0,0,0,,,False,,,False,False,False,,,,,,,,,,
2022090800,343,46376,LA,0,0,0,0,0,0,0,0,0,0,0,0,0,0,0,0,0,0,0,0,0,0,0,0,0,0,0,0,,,False,,,False,False,False,,,,,,,,,,
2022090800,343,47853,LA,1,2,0,0,0,0,0,0,0,0,0,0,0,0,0,0,0,0,0,0,0,0,0,0,0,0,0,0,,,False,,,False,False,False,,,,,,,,,,
2022090800,343,47952,LA,0,0,0,0,0,0,0,0,0,0,0,0,0,0,0,0,0,0,0,0,0,0,0,0,0,0,0,0,,,False,,,False,False,False,,,,,,,,,,
2022090800,343,53678,LA,0,0,0,0,0,0,0,0,0,0,0,0,0,0,0,0,0,0,0,0,0,0,0,0,0,0,0,0,,,False,,,False,False,False,,,,,,,,,,
2022090800,364,37075,BUF,0,0,0,0,0,0,0,0,0,0,0,0,0,0,0,0,0,0,0,0,0,0,0,0,0,0,0,0,,1.0,False,,0.837000012397766,,,,,,,,,,,,,
2022090800,364,40107,BUF,0,0,0,0,0,0,0,0,0,0,0,0,0,0,0,0,0,0,0,0,0,0,0,0,0,0,0,0,,0.0,False,,,,,,,,,,,,,4IR,43399.0,
2022090800,364,40166,BUF,0,0,0,0,0,0,0,0,0,0,0,0,0,0,0,0,0,0,0,1,0,0,0,0,0,0,0,0,,0.0,False,,,,,,,,,,,,,2L,44881.0,
2022090800,364,41341,BUF,0,0,0,0,0,0,0,0,0,0,0,0,0,0,0,0,0,0,0,0,0,0,0,0,0,0,0,0,,1.0,False,,0.837000012397766,,,,,,,,,,,,,
2022090800,364,44976,BUF,0,0,0,0,0,0,0,0,0,0,0,0,0,0,0,0,0,0,0,0,0,0,0,0,0,0,0,0,,0.0,False,,,,,,,,,,,,,CFR,47853.0,
2022090800,364,46085,BUF,0,0,0,0,0,0,0,0,0,0,0,0,0,0,0,0,0,0,0,0,0,0,0,0,0,0,0,0,,0.0,False,,,,,,,,,,,,,HCR,43399.0,
2022090800,364,46190,BUF,0,0,0,0,0,0,0,0,0,0,0,0,0,0,0,0,0,0,0,0,0,0,0,0,0,0,0,0,,0.0,False,,,,,,,,,,,,,HCL,53678.0,
2022090800,364,47792,BUF,0,0,0,0,0,0,0,0,0,0,0,0,0,0,0,0,0,0,0,0,0,0,0,0,0,0,0,0,,1.0,False,,0.736999988555908,,,,,,,,,,,,,
2022090800,364,52647,BUF,0,0,0,0,0,0,0,0,0,0,0,0,0,0,0,0,0,0,0,0,0,0,0,0,0,0,0,0,,0.0,False,,,,,,,,,,,,,4OR,41290.0,
2022090800,364,53459,BUF,0,0,0,0,0,0,0,0,0,0,0,0,0,0,0,0,0,0,0,0,0,0,0,0,0,0,0,0,,1.0,True,2.59999990463257,0.637000024318695,,,,,,,,,,,,,
2022090800,364,54650,BUF,0,0,0,0,0,0,0,0,0,0,0,0,0,0,0,0,0,0,0,0,0,0,0,0,0,0,0,0,,0.0,False,,,,,,,,,,,,,FL,44881.0,
2022090800,364,34452,LA,0,0,1,23,0,0,0,0,0,0,0,0,0,0,0,0,0,0,0,0,0,0,0,0,0,0,0,0,,,False,,,False,False,False,,,,,,,,,,
2022090800,364,41290,LA,0,0,0,0,0,0,0,0,0,0,0,0,0,0,0,0,0,0,0,0,0,0,0,0,0,0,0,0,,,False,,,False,False,False,1.0,HITCH,,,,,,,,
2022090800,364,42400,LA,0,0,0,0,0,0,0,0,0,0,0,0,0,0,0,0,0,0,0,0,0,0,0,0,0,0,0,0,,,False,,,False,False,False,,,53459.0,,,1.0,2.59999990463257,,,
2022090800,364,43399,LA,0,0,0,0,0,0,0,0,0,0,0,0,0,0,0,0,0,0,0,0,0,0,0,0,0,0,0,0,,,False,,,False,False,False,1.0,POST,,,,,,,,
2022090800,364,44881,LA,0,0,0,0,0,1,23,1,1,0,0,0,0,0,0,0,0,0,0,0,0,0,0,0,0,0,0,0,,,False,,,False,False,True,1.0,CORNER,,,,,,,,
2022090800,364,46158,LA,0,0,0,0,0,0,0,0,0,0,0,0,0,0,0,0,0,0,0,0,0,0,0,0,0,0,0,0,,,False,,,False,False,False,,,37075.0,,,0.0,,,,
2022090800,364,46180,LA,0,0,0,0,0,0,0,0,0,0,0,0,0,0,0,0,0,0,0,0,0,0,0,0,0,0,0,0,,,False,,,False,False,False,,,47792.0,,,0.0,,,,
2022090800,364,46376,LA,0,0,0,0,0,0,0,0,0,0,0,0,0,0,0,0,0,0,0,0,0,0,0,0,0,0,0,0,,,False,,,False,False,False,,,,,,0.0,,,,
2022090800,364,47853,LA,0,0,0,0,0,0,0,0,0,0,0,0,0,0,0,0,0,0,0,0,0,0,0,0,0,0,0,0,,,False,,,False,False,False,1.0,OUT,,,,,,,,
2022090800,364,47952,LA,0,0,0,0,0,0,0,0,0,0,0,0,0,0,0,0,0,0,0,0,0,0,0,0,0,0,0,0,,,False,,,False,False,False,,,41341.0,47792.0,,0.0,,,,
2022090800,364,53678,LA,0,0,0,0,0,0,0,0,0,0,0,0,0,0,0,0,0,0,0,0,0,0,0,0,0,0,0,0,,,False,,,False,False,False,1.0,HITCH,,,,,,,,
2022090800,393,37075,BUF,0,0,0,0,0,0,0,0,0,0,0,0,0,0,0,0,0,0,0,0,0,0,0,0,0,0,0,0,,,False,,0.823000013828278,,,,,,,,,,,,,
2022090800,393,40107,BUF,0,0,0,0,0,0,0,0,0,0,0,0,0,0,0,0,0,0,0,0,0,0,0,0,0,0,0,0,,,False,,,,,,,,,,,,,,,
2022090800,393,40166,BUF,0,0,0,0,0,0,0,0,0,0,0,0,0,0,0,0,0,0,0,0,0,0,0,0,0,0,0,0,,,False,,,,,,,,,,,,,,,
2022090800,393,42395,BUF,0,0,0,0,0,0,0,0,0,0,0,0,0,0,0,0,0,0,0,0,0,0,0,0,0,0,0,0,,,False,,,,,,,,,,,,,,,
2022090800,393,44976,BUF,0,0,0,0,0,0,0,0,0,0,0,0,0,0,0,0,0,0,0,0,0,0,0,0,0,0,0,0,,,False,,,,,,,,,,,,,,,
2022090800,393,46085,BUF,0,0,0,0,0,0,0,0,0,0,0,0,0,0,0,0,0,0,0,0,0,0,0,0,0,0,0,0,,,False,,,,,,,,,,,,,,,
2022090800,393,46190,BUF,0,0,0,0,0,0,0,0,0,0,0,0,0,0,0,0,0,0,0,0,0,0,0,0,0,0,0,0,,,False,,,,,,,,,,,,,,,
2022090800,393,46232,BUF,0,0,0,0,0,0,0,0,0,0,0,0,0,0,0,0,0,0,0,1,0,0,0,0,0,0,0,0,,,False,,1.32299995422363,,,,,,,,,,,,,
2022090800,393,52647,BUF,0,0,0,0,0,0,0,0,0,0,0,0,0,0,0,0,0,0,0,0,0,0,0,0,0,0,0,0,,,False,,,,,,,,,,,,,,,
2022090800,393,53459,BUF,0,0,0,0,0,0,0,0,0,0,0,0,0,0,0,0,0,0,0,0,0,0,0,0,0,0,0,0,,,False,,1.02300000190735,,,,,,,,,,,,,
2022090800,393,54650,BUF,0,0,0,0,0,0,0,0,0,0,0,0,0,0,0,0,0,0,0,0,0,0,0,0,0,0,0,0,,,False,,,,,,,,,,,,,,,
2022090800,393,34452,LA,0,0,0,0,0,0,0,0,0,0,0,0,0,0,0,0,0,0,0,0,0,0,0,0,0,0,0,0,,,False,,,False,False,False,,,,,,,,,,
2022090800,393,41290,LA,0,0,0,0,0,0,0,0,0,0,0,0,0,0,0,0,0,0,0,0,0,0,0,0,0,0,0,0,,,False,,,False,False,False,,,,,,,,,,
2022090800,393,42400,LA,0,0,0,0,0,0,0,0,0,0,0,0,0,0,0,0,0,0,0,0,0,0,0,0,0,0,0,0,,,False,,,False,False,False,,,,,,,,,,
2022090800,393,43399,LA,0,0,0,0,0,0,0,0,0,0,0,0,0,0,0,0,0,0,0,0,0,0,0,0,0,0,0,0,,,False,,,False,False,False,,,,,,,,,,
2022090800,393,44881,LA,0,0,0,0,0,0,0,0,0,0,0,0,0,0,0,0,0,0,0,0,0,0,0,0,0,0,0,0,,,False,,,True,False,True,,,,,,,,,,
2022090800,393,46158,LA,0,0,0,0,0,0,0,0,0,0,0,0,0,0,0,0,0,0,0,0,0,0,0,0,0,0,0,0,,,False,,,False,False,False,,,,,,,,,,
2022090800,393,46180,LA,0,0,0,0,0,0,0,0,0,0,0,0,0,0,0,0,0,0,0,0,0,0,0,0,0,0,0,0,,,False,,,False,False,False,,,,,,,,,,
2022090800,393,46376,LA,0,0,0,0,0,0,0,0,0,0,0,0,0,0,0,0,0,0,0,0,0,0,0,0,0,0,0,0,,,False,,,False,False,False,,,,,,,,,,
2022090800,393,47853,LA,1,1,0,0,0,0,0,0,0,0,0,0,0,0,0,0,0,0,0,0,0,0,0,0,0,0,0,0,,,False,,,False,False,True,,,,,,,,,,
2022090800,393,47952,LA,0,0,0,0,0,0,0,0,0,0,0,0,0,0,0,0,0,0,0,0,0,0,0,0,0,0,0,0,,,False,,,False,False,False,,,,,,,,,,
2022090800,393,53678,LA,0,0,0,0,0,0,0,0,0,0,0,0,0,0,0,0,0,0,0,0,0,0,0,0,0,0,0,0,,,False,,,False,False,False,,,,,,,,,,
2022090800,414,37075,BUF,0,0,0,0,0,0,0,0,0,0,0,0,0,0,0,0,0,0,0,0,0,0,0,0,0,0,0,0,,1.0,False,,1.20099997520447,,,,,,,,,,,,,
2022090800,414,40107,BUF,0,0,0,0,0,0,0,0,0,0,0,0,0,0,0,0,0,0,0,0,0,0,0,0,0,0,0,0,,0.0,False,,,,,,,,,,,,,2R,,
2022090800,414,40166,BUF,0,0,0,0,0,0,0,0,0,0,0,0,0,0,0,0,0,0,0,0,0,0,0,0,0,0,0,0,,0.0,False,,,,,,,,,,,,,2L,,
2022090800,414,42395,BUF,0,0,0,0,0,0,0,0,0,0,0,0,0,0,0,0,0,0,0,0,0,0,0,0,0,0,0,0,,1.0,False,,,,,,,,,,,,,,,
2022090800,414,44976,BUF,0,0,0,0,0,0,0,0,0,0,0,0,0,0,0,0,0,0,0,0,0,0,0,0,0,0,0,0,,0.0,False,,,,,,,,,,,,,HCL,,
2022090800,414,46085,BUF,0,0,0,0,0,0,0,0,0,0,0,0,0,0,0,0,0,0,0,0,0,0,0,0,0,0,0,0,,0.0,False,,,,,,,,,,,,,HOL,,
2022090800,414,46190,BUF,0,0,0,0,0,0,0,0,0,0,0,0,0,0,0,0,0,0,0,0,0,0,0,0,0,0,0,0,,0.0,False,,,,,,,,,,,,,HCR,,
2022090800,414,46232,BUF,0,0,0,0,0,0,0,0,0,0,0,0,0,0,0,0,0,0,0,0,0,0,0,0,0,0,0,0,,1.0,False,,1.20099997520447,,,,,,,,,,,,,
2022090800,414,52647,BUF,0,0,0,0,0,0,0,0,0,0,0,0,0,0,0,0,0,0,0,1,0,0,0,0,0,0,0,0,,0.0,False,,,,,,,,,,,,,FL,,
2022090800,414,53459,BUF,0,0,0,0,0,0,0,0,0,0,0,0,0,0,0,0,0,0,0,0,0,0,0,0,0,0,0,0,,1.0,False,,1.00100004673004,,,,,,,,,,,,,
2022090800,414,54650,BUF,0,0,0,0,0,0,0,0,0,0,0,0,0,0,0,0,0,0,0,0,0,0,0,0,0,0,0,0,,0.0,False,,,,,,,,,,,,,FR,,
2022090800,414,34452,LA,0,0,1,10,0,0,0,0,0,0,0,0,0,0,0,0,0,0,0,0,0,0,0,0,0,0,0,0,,,False,,,False,False,False,,,,,,,,,,
2022090800,414,41290,LA,0,0,0,0,0,0,0,0,0,0,0,0,0,0,0,0,0,0,0,0,0,0,0,0,0,0,0,0,,,False,,,False,False,False,1.0,GO,,,,,,,,
2022090800,414,42400,LA,0,0,0,0,0,0,0,0,0,0,0,0,0,0,0,0,0,0,0,0,0,0,0,0,0,0,0,0,,,False,,,False,False,False,,,42395.0,,,0.0,,,,
2022090800,414,43399,LA,0,0,0,0,0,1,10,1,13,0,0,0,0,0,0,0,0,0,0,0,0,0,0,0,0,0,0,0,,,False,,,False,False,False,1.0,SCREEN,,,,,,,,
2022090800,414,44881,LA,0,0,0,0,0,0,0,0,0,0,0,0,0,0,0,0,0,0,0,0,0,0,0,0,0,0,0,0,,,False,,,False,False,False,1.0,GO,,,,,,,,
2022090800,414,46158,LA,0,0,0,0,0,0,0,0,0,0,0,0,0,0,0,0,0,0,0,0,0,0,0,0,0,0,0,0,,,False,,,False,False,False,,,37075.0,,,0.0,,,,
2022090800,414,46180,LA,0,0,0,0,0,0,0,0,0,0,0,0,0,0,0,0,0,0,0,0,0,0,0,0,0,0,0,0,,,False,,,False,False,False,,,46232.0,,,0.0,,,,
2022090800,414,46376,LA,0,0,0,0,0,0,0,0,0,0,0,0,0,0,0,0,0,0,0,0,0,0,0,0,0,0,0,0,,,False,,,False,False,False,,,42395.0,,,0.0,,,,
2022090800,414,47853,LA,0,0,0,0,0,0,0,0,0,0,0,0,0,0,0,0,0,0,0,0,0,0,0,0,0,0,0,0,,,False,,,False,False,False,1.0,FLAT,,,,,,,,
2022090800,414,47952,LA,0,0,0,0,0,0,0,0,0,0,0,0,0,0,0,0,0,0,0,0,0,0,0,0,0,0,0,0,,,False,,,False,False,False,,,46232.0,,,0.0,,,,
2022090800,414,53678,LA,0,0,0,0,0,0,0,0,0,0,0,0,0,0,0,0,0,0,0,0,0,0,0,0,0,0,0,0,,,False,,,False,False,False,1.0,GO,,,,,,,,
2022090800,438,37075,BUF,0,0,0,0,0,0,0,0,0,0,0,0,0,0,0,0,0,0,0,0,0,0,0,0,0,0,0,0,,1.0,False,,1.09899997711182,,,,,,,,,,,,,
2022090800,438,40107,BUF,0,0,0,0,0,0,0,0,0,0,0,0,0,0,0,0,0,0,0,0,0,0,0,0,0,0,0,0,,0.0,False,,,,,,,,,,,,,2R,44881.0,
2022090800,438,40166,BUF,0,0,0,0,0,0,0,0,0,0,0,0,0,0,0,0,0,0,0,0,0,0,0,0,0,0,0,0,,0.0,False,,,,,,,,,,,,,2L,,
2022090800,438,42395,BUF,0,0,0,0,0,0,0,0,0,0,0,0,0,0,0,0,0,0,0,0,0,0,0,0,0,0,0,0,,1.0,False,,1.59899997711182,,,,,,,,,,,,,
2022090800,438,44976,BUF,0,0,0,0,0,0,0,0,0,0,0,0,0,0,0,0,0,0,0,0,0,0,0,0,0,0,0,0,,0.0,False,,,,,,,,,,,,,HCL,,
2022090800,438,46085,BUF,0,0,0,0,0,0,0,0,0,0,0,0,0,0,0,0,0,0,0,0,0,0,0,0,0,0,0,0,,0.0,False,,,,,,,,,,,,,HOL,41290.0,
2022090800,438,46190,BUF,0,0,0,0,0,0,0,0,0,0,0,0,0,0,0,0,0,0,0,0,0,0,0,0,0,0,0,0,,0.0,False,,,,,,,,,,,,,HCR,,
2022090800,438,47792,BUF,0,0,0,0,0,0,0,0,0,0,0,0,0,0,0,0,0,0,0,0,0,0,0,0,0,0,0,0,,1.0,False,,1.09899997711182,,,,,,,,,,,,,
2022090800,438,52462,BUF,0,0,0,0,0,0,0,0,0,0,0,0,0,0,0,0,0,0,0,0,0,0,0,0,0,0,0,0,,1.0,False,,1.19900000095367,,,,,,,,,,,,,
2022090800,438,52647,BUF,0,0,0,0,0,0,0,0,0,0,0,0,0,0,0,0,0,0,0,0,0,0,0,0,0,0,0,0,,0.0,False,,,,,,,,,,,,,FL,43399.0,
2022090800,438,54650,BUF,0,0,0,0,0,0,0,0,0,0,0,0,0,0,0,0,0,0,0,1,0,0,0,0,0,0,0,0,,0.0,False,,,,,,,,,,,,,FR,53678.0,
2022090800,438,34452,LA,0,0,1,4,0,0,0,0,0,0,0,0,0,0,0,0,0,0,0,0,0,0,0,0,0,0,0,0,,,False,,,False,False,False,,,,,,,,,,
2022090800,438,41290,LA,0,0,0,0,0,0,0,0,0,0,0,0,0,0,0,0,0,0,0,0,0,0,0,0,0,0,0,0,,,False,,,False,False,False,1.0,POST,,,,,,,,
2022090800,438,42400,LA,0,0,0,0,0,0,0,0,0,0,0,0,0,0,0,0,0,0,0,0,0,0,0,0,0,0,0,0,,,False,,,False,False,False,,,52462.0,,,0.0,,,,
2022090800,438,43399,LA,0,0,0,0,0,0,0,0,0,0,0,0,0,0,0,0,0,0,0,0,0,0,0,0,0,0,0,0,,,False,,,False,False,False,1.0,HITCH,,,,,,,,
2022090800,438,44881,LA,0,0,0,0,0,0,0,0,0,0,0,0,0,0,0,0,0,0,0,0,0,0,0,0,0,0,0,0,,,False,,,False,False,False,1.0,CORNER,,,,,,,,
2022090800,438,46158,LA,0,0,0,0,0,0,0,0,0,0,0,0,0,0,0,0,0,0,0,0,0,0,0,0,0,0,0,0,,,False,,,False,False,False,,,37075.0,,,0.0,,,,
2022090800,438,46180,LA,0,0,0,0,0,0,0,0,0,0,0,0,0,0,0,0,0,0,0,0,0,0,0,0,0,0,0,0,,,False,,,False,False,False,,,47792.0,,,0.0,,,,
2022090800,438,46376,LA,0,0,0,0,0,0,0,0,0,0,0,0,0,0,0,0,0,0,0,0,0,0,0,0,0,0,0,0,,,False,,,False,False,False,,,47792.0,,,0.0,,,,
2022090800,438,47853,LA,0,0,0,0,0,0,0,0,0,0,0,0,0,0,0,0,0,0,0,0,0,0,0,0,0,0,0,0,,,False,,,False,False,False,1.0,ANGLE,,,,,,,,
2022090800,438,47952,LA,0,0,0,0,0,0,0,0,0,0,0,0,0,0,0,0,0,0,0,0,0,0,0,0,0,0,0,0,,,False,,,False,False,False,,,42395.0,,,0.0,,,,
2022090800,438,53678,LA,0,0,0,0,0,1,4,1,5,0,0,0,0,0,0,0,0,0,0,0,0,0,0,0,0,0,0,0,,,False,,,True,False,True,1.0,CROSS,,,,,,,,
2022090800,467,37075,BUF,0,0,0,0,0,0,0,0,0,0,0,0,0,0,0,0,1,-8,0,1,0,1,8,0,0,0,0,0,,1.0,True,2.5,0.935999989509583,,,,,,,,,,,,,
2022090800,467,40107,BUF,0,0,0,0,0,0,0,0,0,0,0,0,0,0,0,0,0,0,0,0,0,0,0,0,0,0,0,0,,0.0,False,,,,,,,,,,,,,CFR,41290.0,
2022090800,467,40166,BUF,0,0,0,0,0,0,0,0,0,0,0,0,0,0,0,0,0,0,0,0,0,0,0,0,0,0,0,0,,0.0,False,,,,,,,,,,,,,3M,,
2022090800,467,41341,BUF,0,0,0,0,0,0,0,0,0,0,0,0,0,0,0,0,0,0,0,0,0,0,0,0,0,0,0,0,,1.0,True,5.0,1.1360000371933,,,,,,,,,,,,,
2022090800,467,44976,BUF,0,0,0,0,0,0,0,0,0,0,0,0,0,0,0,0,0,0,0,0,0,0,0,0,0,0,0,0,,0.0,False,,,,,,,,,,,,,CFL,43399.0,
2022090800,467,46085,BUF,0,0,0,0,0,0,0,0,0,0,0,0,0,0,0,0,0,0,0,0,0,0,0,0,0,0,0,0,,0.0,False,,,,,,,,,,,,,HCL,44881.0,
2022090800,467,46190,BUF,0,0,0,0,0,0,0,0,0,0,0,0,0,0,0,0,0,0,0,0,0,0,0,0,0,0,0,0,,0.0,False,,,,,,,,,,,,,HCR,,
2022090800,467,47792,BUF,0,0,0,0,0,0,0,0,0,0,0,0,0,0,0,0,0,0,0,0,0,0,0,0,0,0,0,0,,1.0,True,3.70000004768372,1.03600001335144,,,,,,,,,,,,,
2022090800,467,52462,BUF,0,0,0,0,0,0,0,0,0,0,0,0,0,0,0,0,0,0,0,0,0,0,0,0,0,0,0,0,,1.0,False,,0.935999989509583,,,,,,,,,,,,,
2022090800,467,52647,BUF,0,0,0,0,0,0,0,0,0,0,0,0,0,0,0,0,0,0,0,0,0,0,0,0,0,0,0,0,,0.0,False,,,,,,,,,,,,,3R,,
2022090800,467,54650,BUF,0,0,0,0,0,0,0,0,0,0,0,0,0,0,0,0,0,0,0,0,0,0,0,0,0,0,0,0,,0.0,False,,,,,,,,,,,,,3L,44881.0,
2022090800,467,34452,LA,0,0,1,0,-8,0,0,0,0,0,0,0,0,0,0,0,0,0,0,0,0,0,0,0,0,0,0,0,,,False,,,,False,,,,,,,,,,,
2022090800,467,41290,LA,0,0,0,0,0,0,0,0,0,0,0,0,0,0,0,0,0,0,0,0,0,0,0,0,0,0,0,0,,,False,,,,False,,1.0,HITCH,,,,,,,,
2022090800,467,42400,LA,0,0,0,0,0,0,0,0,0,0,0,0,0,0,0,0,0,0,0,0,0,0,0,0,0,0,0,0,,,False,,,,False,,,,52462.0,,,0.0,,,,
2022090800,467,43399,LA,0,0,0,0,0,0,0,0,0,0,0,0,0,0,0,0,0,0,0,0,0,0,0,0,0,0,0,0,,,False,,,,False,,1.0,OUT,,,,,,,,
2022090800,467,44881,LA,0,0,0,0,0,0,0,0,0,0,0,0,0,0,0,0,0,0,0,0,0,0,0,0,0,0,0,0,,,False,,,,False,,1.0,HITCH,,,,,,,,
2022090800,467,46158,LA,0,0,0,0,0,0,0,0,0,0,0,0,0,0,0,0,0,0,0,0,0,0,0,0,0,0,0,0,,,False,,,,False,,,,37075.0,,,1.0,2.5,,,
2022090800,467,46180,LA,0,0,0,0,0,0,0,0,0,0,0,0,0,0,0,0,0,0,0,0,0,0,0,0,0,0,0,0,,,False,,,,False,,,,41341.0,,,1.0,5.0,,,
2022090800,467,46376,LA,0,0,0,0,0,0,0,0,0,0,0,0,0,0,0,0,0,0,0,0,0,0,0,0,0,0,0,0,,,False,,,,False,,,,47792.0,,,1.0,3.70000004768372,,,
2022090800,467,47853,LA,0,0,0,0,0,0,0,0,0,0,0,0,0,0,0,0,0,0,0,0,0,0,0,0,0,0,0,0,,,False,,,,False,,1.0,FLAT,,,,,,,,
2022090800,467,47952,LA,0,0,0,0,0,0,0,0,0,0,0,0,0,0,0,0,0,0,0,0,0,0,0,0,0,0,0,0,,,False,,,,False,,,,41341.0,,,1.0,5.0,,,
2022090800,467,53678,LA,0,0,0,0,0,0,0,0,0,0,0,0,0,0,0,0,0,0,0,0,0,0,0,0,0,0,0,0,,,False,,,,False,,1.0,IN,,,,,,,,
2022090800,486,37075,BUF,0,0,0,0,0,0,0,0,0,0,0,0,0,0,0,0,0,0,0,0,0,0,0,0,0,0,0,0,,1.0,True,2.09999990463257,0.975000023841858,,,,,,,,,,,,,
2022090800,486,40107,BUF,0,0,0,0,0,0,0,0,0,0,0,0,0,0,0,0,0,0,0,0,0,0,0,0,0,0,0,0,,0.0,False,,,,,,,,,,,,,3M,,
2022090800,486,40166,BUF,0,0,0,0,0,0,0,0,0,0,0,0,0,0,0,0,0,0,0,1,0,0,0,0,0,0,0,0,,0.0,False,,,,,,,,,,,,,HCL,44881.0,
2022090800,486,41341,BUF,0,0,0,0,0,0,0,0,0,0,0,0,0,0,0,0,0,0,0,0,0,0,0,0,0,0,0,0,,1.0,False,,0.975000023841858,,,,,,,,,,,,,
2022090800,486,44976,BUF,0,0,0,0,0,0,0,0,0,0,0,0,0,0,0,0,0,0,0,0,0,0,0,0,0,0,0,0,,0.0,False,,,,,,,,,,,,,CFR,41290.0,
2022090800,486,46085,BUF,0,0,0,0,0,0,0,0,0,0,0,0,0,0,0,0,0,0,0,0,0,0,0,0,0,0,0,0,,0.0,False,,,,,,,,,,,,,HCR,,
2022090800,486,46190,BUF,0,0,0,0,0,0,0,0,0,0,0,0,0,0,0,0,0,0,0,0,0,0,0,0,0,0,0,0,,0.0,False,,,,,,,,,,,,,CFL,53678.0,
2022090800,486,47792,BUF,0,0,0,0,0,0,0,0,0,0,0,0,0,0,0,0,0,0,0,0,0,0,0,0,0,0,0,0,,1.0,False,,1.17499995231628,,,,,,,,,,,,,
2022090800,486,52462,BUF,0,0,0,0,0,0,0,0,0,0,0,0,0,0,0,0,0,0,0,0,0,0,0,0,0,0,0,0,,1.0,False,,0.774999976158142,,,,,,,,,,,,,
2022090800,486,52647,BUF,0,0,0,0,0,0,0,0,0,0,0,0,0,0,0,0,0,0,0,0,0,0,0,0,0,0,0,0,,0.0,False,,,,,,,,,,,,,3R,47853.0,
2022090800,486,54650,BUF,0,0,0,0,0,0,0,0,0,0,0,0,0,0,0,0,0,0,0,0,0,0,0,0,0,0,0,0,,0.0,False,,,,,,,,,,,,,3L,43399.0,
2022090800,486,34452,LA,0,0,1,6,0,0,0,0,0,0,0,0,0,0,0,0,0,0,0,0,0,0,0,0,0,0,0,0,,,False,,,False,False,False,,,,,,,,,,
2022090800,486,41290,LA,0,0,0,0,0,0,0,0,0,0,0,0,0,0,0,0,0,0,0,0,0,0,0,0,0,0,0,0,,,False,,,False,False,False,1.0,SCREEN,,,,,,,,
2022090800,486,42400,LA,0,0,0,0,0,0,0,0,0,0,0,0,0,0,0,0,0,0,0,0,0,0,0,0,0,0,0,0,,,False,,,False,False,False,,,52462.0,,,0.0,,,,
2022090800,486,43399,LA,0,0,0,0,0,0,0,0,0,0,0,0,0,0,0,0,0,0,0,0,0,0,0,0,0,0,0,0,,,False,,,False,False,False,1.0,GO,,,,,,,,
2022090800,486,44881,LA,0,0,0,0,0,1,6,1,0,0,0,0,0,0,0,0,0,0,0,0,0,0,0,0,0,0,0,0,,,False,,,False,False,False,1.0,GO,,,,,,,,
2022090800,486,46158,LA,0,0,0,0,0,0,0,0,0,0,0,0,0,0,0,0,0,0,0,0,0,0,0,0,0,0,0,0,,,False,,,False,False,False,,,37075.0,,,1.0,2.09999990463257,,,
2022090800,486,46180,LA,0,0,0,0,0,0,0,0,0,0,0,0,0,0,0,0,0,0,0,0,0,0,0,0,0,0,0,0,,,False,,,False,False,False,,,,,,0.0,,,,
2022090800,486,46376,LA,0,0,0,0,0,0,0,0,0,0,0,0,0,0,0,0,0,0,0,0,0,0,0,0,0,0,0,0,,,False,,,False,False,False,,,41341.0,,,0.0,,,,
2022090800,486,47853,LA,0,0,0,0,0,0,0,0,0,0,0,0,0,0,0,0,0,0,0,0,0,0,0,0,0,0,0,0,,,False,,,False,False,False,1.0,SCREEN,,,,,,,,
2022090800,486,47952,LA,0,0,0,0,0,0,0,0,0,0,0,0,0,0,0,0,0,0,0,0,0,0,0,0,0,0,0,0,,,False,,,False,False,False,,,47792.0,,,0.0,,,,
2022090800,486,53678,LA,0,0,0,0,0,0,0,0,0,0,0,0,0,0,0,0,0,0,0,0,0,0,0,0,0,0,0,0,,,False,,,False,False,False,1.0,SCREEN,,,,,,,,
2022090800,529,35472,BUF,0,0,0,0,0,0,0,0,0,0,0,0,0,0,0,0,0,0,0,0,0,0,0,0,0,0,0,0,,,False,,,False,False,False,,,,,,,,,,
2022090800,529,42392,BUF,0,0,0,0,0,0,0,0,0,0,0,0,0,0,0,0,0,0,0,0,0,0,0,0,0,0,0,0,,,False,,,False,False,False,,,,,,,,,,
2022090800,529,42818,BUF,0,0,0,0,0,0,0,0,0,0,0,0,0,0,0,0,0,0,0,0,0,0,0,0,0,0,0,0,,,False,,,False,False,False,,,,,,,,,,
2022090800,529,44875,BUF,0,0,0,0,0,0,0,0,0,0,0,0,0,0,0,0,0,0,0,0,0,0,0,0,0,0,0,0,,,False,,,False,False,False,,,,,,,,,,
2022090800,529,46076,BUF,0,0,0,0,0,0,0,0,0,0,0,0,0,0,0,0,0,0,0,0,0,0,0,0,0,0,0,0,,,False,,,False,False,False,,,,,,,,,,
2022090800,529,47857,BUF,1,7,0,0,0,0,0,0,0,0,0,0,0,0,0,0,0,0,0,0,0,0,0,0,0,0,0,0,,,False,,,False,False,False,,,,,,,,,,
2022090800,529,47879,BUF,0,0,0,0,0,0,0,0,0,0,0,0,0,0,0,0,0,0,0,0,0,0,0,0,0,0,0,0,,,False,,,True,False,True,,,,,,,,,,
2022090800,529,48512,BUF,0,0,0,0,0,0,0,0,0,0,0,0,0,0,0,0,0,0,0,0,0,0,0,0,0,0,0,0,,,False,,,False,False,False,,,,,,,,,,
2022090800,529,52536,BUF,0,0,0,0,0,0,0,0,0,0,0,0,0,0,0,0,0,0,0,0,0,0,0,0,0,0,0,0,,,False,,,False,False,False,,,,,,,,,,
2022090800,529,53079,BUF,0,0,0,0,0,0,0,0,0,0,0,0,0,0,0,0,0,0,0,0,0,0,0,0,0,0,0,0,,,False,,,False,False,False,,,,,,,,,,
2022090800,529,53522,BUF,0,0,0,0,0,0,0,0,0,0,0,0,0,0,0,0,0,0,0,0,0,0,0,0,0,0,0,0,,,False,,,False,False,False,,,,,,,,,,
2022090800,529,38577,LA,0,0,0,0,0,0,0,0,0,0,0,0,0,0,0,0,0,0,0,0,0,0,0,0,0,0,0,0,,,False,,,,,,,,,,,,,,,
2022090800,529,41239,LA,0,0,0,0,0,0,0,0,0,0,0,0,0,0,0,0,0,0,0,0,0,0,0,0,0,0,0,0,,,False,,,,,,,,,,,,,,,
2022090800,529,42816,LA,0,0,0,0,0,0,0,0,0,0,0,0,0,0,0,0,0,0,0,1,0,0,0,0,0,0,0,0,,,False,,,,,,,,,,,,,,,
2022090800,529,43294,LA,0,0,0,0,0,0,0,0,0,0,0,0,0,0,0,0,0,0,0,0,0,0,0,0,0,0,0,0,,,False,,,,,,,,,,,,,,,
2022090800,529,43298,LA,0,0,0,0,0,0,0,0,0,0,0,0,0,0,0,0,0,0,0,0,0,0,0,0,0,0,0,0,,,False,,,,,,,,,,,,,,,
2022090800,529,43335,LA,0,0,0,0,0,0,0,0,0,0,0,0,0,0,0,0,0,0,0,0,0,0,0,0,0,0,0,0,,,False,,,,,,,,,,,,,,,
2022090800,529,47844,LA,0,0,0,0,0,0,0,0,0,0,0,0,0,0,0,0,0,0,0,0,0,0,0,0,0,0,0,0,,,False,,,,,,,,,,,,,,,
2022090800,529,47862,LA,0,0,0,0,0,0,0,0,0,0,0,0,0,0,0,0,0,0,0,0,0,0,0,0,0,0,0,0,,,False,,,,,,,,,,,,,,,
2022090800,529,47917,LA,0,0,0,0,0,0,0,0,0,0,0,0,0,0,0,0,0,0,0,0,0,0,0,0,0,0,0,0,,,False,,,,,,,,,,,,,,,
2022090800,529,47939,LA,0,0,0,0,0,0,0,0,0,0,0,0,0,0,0,0,0,0,0,0,0,0,0,0,0,0,0,0,,,False,,1.35199999809265,,,,,,,,,,,,,
2022090800,529,48026,LA,0,0,0,0,0,0,0,0,0,0,0,0,0,0,0,0,0,0,0,0,0,0,0,0,0,0,0,0,,,False,,,,,,,,,,,,,,,
2022090800,550,35472,BUF,0,0,0,0,0,0,0,0,0,0,0,0,0,0,0,0,0,0,0,0,0,0,0,0,0,0,0,0,,,False,,,False,False,False,,,43335.0,,,1.0,3.79999995231628,,,
2022090800,550,42392,BUF,0,0,0,0,0,0,0,0,0,0,0,0,0,0,0,0,0,0,0,0,0,0,0,0,0,0,0,0,,,False,,,False,False,False,,,47917.0,,,1.0,2.90000009536743,,,
2022090800,550,42489,BUF,0,0,0,0,0,0,0,0,0,0,0,0,0,0,0,0,0,0,0,0,0,0,0,0,0,0,0,0,,,False,,,True,False,True,1.0,HITCH,,,,,,,,
2022090800,550,44875,BUF,0,0,0,0,0,0,0,0,0,0,0,0,0,0,0,0,0,0,0,0,0,0,0,0,0,0,0,0,,,False,,,False,False,False,,,43335.0,,,1.0,3.79999995231628,,,
2022090800,550,44985,BUF,0,0,0,0,0,0,0,0,0,0,0,0,0,0,0,0,0,0,0,0,0,0,0,0,0,0,0,0,,,False,,,False,False,False,1.0,CROSS,,,,,,,,
2022090800,550,46076,BUF,0,0,1,0,-1,0,0,0,0,0,0,0,0,0,0,0,0,0,0,0,0,0,0,0,0,0,0,0,,,False,,,False,False,False,,,,,,,,,,
2022090800,550,47857,BUF,0,0,0,0,0,0,0,0,0,0,0,0,0,0,0,0,0,0,0,0,0,0,0,0,0,0,0,0,,,False,,,False,False,False,1.0,FLAT,,,,,,,,
2022090800,550,47879,BUF,0,0,0,0,0,0,0,0,0,0,0,0,0,0,0,0,0,0,0,0,0,0,0,0,0,0,0,0,,,False,,,False,False,False,1.0,CROSS,,,,,,,,
2022090800,550,48512,BUF,0,0,0,0,0,0,0,0,0,0,0,0,0,0,0,0,0,0,0,0,0,0,0,0,0,0,0,0,,,False,,,False,False,False,,,41239.0,,,1.0,2.29999995231628,,,
2022090800,550,52536,BUF,0,0,0,0,0,0,0,0,0,0,0,0,0,0,0,0,0,0,0,0,0,0,0,0,0,0,0,0,,,False,,,False,False,False,1.0,POST,,,,,,,,
2022090800,550,53522,BUF,0,0,0,0,0,0,0,0,0,0,0,0,0,0,0,0,0,0,0,0,0,0,0,0,0,0,0,0,,,False,,,False,False,False,,,43298.0,,,1.0,2.90000009536743,,,
2022090800,550,38577,LA,0,0,0,0,0,0,0,0,0,0,0,0,0,0,0,0,0,0,0,0,0,0,0,0,0,0,0,0,,0.0,False,,,,,,,,,,,,,HCL,42489.0,
2022090800,550,41239,LA,0,0,0,0,0,0,0,0,0,0,0,0,0,0,0,0,1,-1,0,1,0,1,1,0,0,0,0,0,,1.0,True,2.29999995231628,0.845000028610229,,,,,,,,,,,,,
2022090800,550,42816,LA,0,0,0,0,0,0,0,0,0,0,0,0,0,0,0,0,0,0,0,0,0,0,0,0,0,0,0,0,,0.0,False,,,,,,,,,,,,,3L,,
2022090800,550,43294,LA,0,0,0,0,0,0,0,0,0,0,0,0,0,0,0,0,0,0,0,0,0,0,0,0,0,0,0,0,,0.0,False,,,,,,,,,,,,,CFR,44985.0,
2022090800,550,43298,LA,0,0,0,0,0,0,0,0,0,0,0,0,0,0,0,0,0,0,0,0,0,0,0,0,0,0,0,0,,1.0,True,2.90000009536743,0.944999992847443,,,,,,,,,,,,,
2022090800,550,43335,LA,0,0,0,0,0,0,0,0,0,0,0,0,0,0,0,0,0,0,0,0,0,0,0,0,0,0,0,0,,1.0,True,3.79999995231628,1.04499995708466,,,,,,,,,,,,,
2022090800,550,47844,LA,0,0,0,0,0,0,0,0,0,0,0,0,0,0,0,0,0,0,0,0,0,0,0,0,0,0,0,0,,0.0,False,,,,,,,,,,,,,3M,,
2022090800,550,47862,LA,0,0,0,0,0,0,0,0,0,0,0,0,0,0,0,0,0,0,0,0,0,0,0,0,0,0,0,0,,0.0,False,,,,,,,,,,,,,3R,52536.0,
2022090800,550,47917,LA,0,0,0,0,0,0,0,0,0,0,0,0,0,0,0,0,0,0,0,0,0,0,0,0,0,0,0,0,,1.0,True,2.90000009536743,1.24500000476837,,,,,,,,,,,,,
2022090800,550,47939,LA,0,0,0,0,0,0,0,0,0,0,0,0,0,0,0,0,0,0,0,0,0,0,0,0,0,0,0,0,,0.0,False,,,,,,,,,,,,,HCR,47879.0,
2022090800,550,48026,LA,0,0,0,0,0,0,0,0,0,0,0,0,0,0,0,0,0,0,0,0,0,0,0,0,0,0,0,0,,0.0,False,,,,,,,,,,,,,CFL,47857.0,
2022090800,569,35472,BUF,0,0,0,0,0,0,0,0,0,0,0,0,0,0,0,0,0,0,0,0,0,0,0,0,0,0,0,0,,,False,,,False,False,False,,,47917.0,,,0.0,,,,
2022090800,569,42392,BUF,0,0,0,0,0,0,0,0,0,0,0,0,0,0,0,0,0,0,0,0,0,0,0,0,0,0,0,0,,,False,,,False,False,False,,,47917.0,,,0.0,,,,
2022090800,569,42448,BUF,0,0,0,0,0,0,0,0,0,0,0,0,0,0,0,0,0,0,0,0,0,0,0,0,0,0,0,0,,,False,,,False,False,False,1.0,GO,,,,,,,,
2022090800,569,42489,BUF,0,0,0,0,0,1,10,1,2,0,0,0,0,0,0,0,0,0,0,0,0,0,0,0,0,0,0,0,,,False,,,True,False,True,1.0,IN,,,,,,,,
2022090800,569,44875,BUF,0,0,0,0,0,0,0,0,0,0,0,0,0,0,0,0,0,0,0,0,0,0,0,0,0,0,0,0,,,False,,,False,False,False,,,47939.0,,,0.0,,,,
2022090800,569,46076,BUF,0,0,1,10,0,0,0,0,0,0,0,0,0,0,0,0,0,0,0,0,0,0,0,0,0,0,0,0,,,False,,,False,False,False,,,,,,,,,,
2022090800,569,47857,BUF,0,0,0,0,0,0,0,0,0,0,0,0,0,0,0,0,0,0,0,0,0,0,0,0,0,0,0,0,,,False,,,False,False,False,1.0,FLAT,,,,,,,,
2022090800,569,47879,BUF,0,0,0,0,0,0,0,0,0,0,0,0,0,0,0,0,0,0,0,0,0,0,0,0,0,0,0,0,,,False,,,False,False,False,1.0,CROSS,,,,,,,,
2022090800,569,48512,BUF,0,0,0,0,0,0,0,0,0,0,0,0,0,0,0,0,0,0,0,0,0,0,0,0,0,0,0,0,,,False,,,False,False,False,,,41239.0,,,0.0,,,,
2022090800,569,52536,BUF,0,0,0,0,0,0,0,0,0,0,0,0,0,0,0,0,0,0,0,0,0,0,0,0,0,0,0,0,,,False,,,False,False,False,1.0,GO,,,,,,,,
2022090800,569,53522,BUF,0,0,0,0,0,0,0,0,0,0,0,0,0,0,0,0,0,0,0,0,0,0,0,0,0,0,0,0,,,False,,,False,False,False,,,43298.0,,,0.0,,,,
2022090800,569,38577,LA,0,0,0,0,0,0,0,0,0,0,0,0,0,0,0,0,0,0,0,0,0,0,0,0,0,0,0,0,,0.0,False,,,,,,,,,,,,,HCR,47879.0,
2022090800,569,41239,LA,0,0,0,0,0,0,0,0,0,0,0,0,0,0,0,0,0,0,0,0,0,0,0,0,0,0,0,0,,1.0,False,,0.837999999523163,,,,,,,,,,,,,
2022090800,569,42816,LA,0,0,0,0,0,0,0,0,0,0,0,0,0,0,0,0,0,0,0,0,0,0,0,0,0,0,0,0,,0.0,False,,,,,,,,,,,,,CFR,42448.0,47857.0
2022090800,569,43294,LA,0,0,0,0,0,0,0,0,0,0,0,0,0,0,0,0,0,0,0,0,0,0,0,0,0,0,0,0,,0.0,False,,,,,,,,,,,,,3L,,
2022090800,569,43298,LA,0,0,0,0,0,0,0,0,0,0,0,0,0,0,0,0,0,0,0,0,0,0,0,0,0,0,0,0,,1.0,False,,0.837999999523163,,,,,,,,,,,,,
2022090800,569,47844,LA,0,0,0,0,0,0,0,0,0,0,0,0,0,0,0,0,0,0,0,0,0,0,0,0,0,0,0,0,,0.0,False,,,,,,,,,,,,,3M,,
2022090800,569,47862,LA,0,0,0,0,0,0,0,0,0,0,0,0,0,0,0,0,0,0,0,0,0,0,0,0,0,0,0,0,,0.0,False,,,,,,,,,,,,,3R,52536.0,42448.0
2022090800,569,47917,LA,0,0,0,0,0,0,0,0,0,0,0,0,0,0,0,0,0,0,0,0,0,0,0,0,0,0,0,0,,1.0,False,,1.13800001144409,,,,,,,,,,,,,
2022090800,569,47939,LA,0,0,0,0,0,0,0,0,0,0,0,0,0,0,0,0,0,0,0,0,0,0,0,0,0,0,0,0,,1.0,False,,0.638000011444092,,,,,,,,,,,,,
2022090800,569,48026,LA,0,0,0,0,0,0,0,0,0,0,0,0,0,0,0,0,0,0,0,1,0,0,0,0,0,0,0,0,,0.0,False,,,,,,,,,,,,,CFL,42489.0,
2022090800,569,53532,LA,0,0,0,0,0,0,0,0,0,0,0,0,0,0,0,0,0,0,0,0,0,0,0,0,0,0,0,0,,0.0,False,,,,,,,,,,,,,HCL,,
2022090800,593,35472,BUF,0,0,0,0,0,0,0,0,0,0,0,0,0,0,0,0,0,0,0,0,0,0,0,0,0,0,0,0,,,False,,,False,False,False,,,,,,0.0,,,,
2022090800,593,42392,BUF,0,0,0,0,0,0,0,0,0,0,0,0,0,0,0,0,0,0,0,0,0,0,0,0,0,0,0,0,,,False,,,False,False,False,,,47917.0,,,0.0,,,,
2022090800,593,42448,BUF,0,0,0,0,0,1,11,1,12,0,0,0,0,0,0,0,0,0,0,0,0,0,0,0,0,0,0,0,,,False,,,False,False,False,1.0,SCREEN,,,,,,,,
2022090800,593,42489,BUF,0,0,0,0,0,0,0,0,0,0,0,0,0,0,0,0,0,0,0,0,0,0,0,0,0,0,0,0,,,False,,,False,False,False,1.0,GO,,,,,,,,
2022090800,593,44875,BUF,0,0,0,0,0,0,0,0,0,0,0,0,0,0,0,0,0,0,0,0,0,0,0,0,0,0,0,0,,,False,,,False,False,False,,,43335.0,,,0.0,,,,
2022090800,593,46076,BUF,0,0,1,11,0,0,0,0,0,0,0,0,0,0,0,0,0,0,0,0,0,0,0,0,0,0,0,0,,,False,,,False,False,False,,,,,,,,,,
2022090800,593,47857,BUF,0,0,0,0,0,0,0,0,0,0,0,0,0,0,0,0,0,0,0,0,0,0,0,0,0,0,0,0,,,False,,,False,False,False,1.0,ANGLE,,,,,,,,
2022090800,593,47879,BUF,0,0,0,0,0,0,0,0,0,0,0,0,0,0,0,0,0,0,0,0,0,0,0,0,0,0,0,0,,,False,,,False,False,False,1.0,ANGLE,,,,,,,,
2022090800,593,48512,BUF,0,0,0,0,0,0,0,0,0,0,0,0,0,0,0,0,0,0,0,0,0,0,0,0,0,0,0,0,,,False,,,False,False,False,,,41239.0,,,0.0,,,,
2022090800,593,52536,BUF,0,0,0,0,0,0,0,0,0,0,0,0,0,0,0,0,0,0,0,0,0,0,0,0,0,0,0,0,,,False,,,False,False,False,1.0,SCREEN,,,,,,,,
2022090800,593,53522,BUF,0,0,0,0,0,0,0,0,0,0,0,0,0,0,0,0,0,0,0,0,0,0,0,0,0,0,0,0,,,False,,,False,False,False,,,43298.0,,,0.0,,,,
2022090800,593,38577,LA,0,0,0,0,0,0,0,0,0,0,0,0,0,0,0,0,0,0,0,0,0,0,0,0,0,0,0,0,,0.0,False,,,,,,,,,,,,,HCR,,
2022090800,593,41239,LA,0,0,0,0,0,0,0,0,0,0,0,0,0,0,0,0,0,0,0,0,0,0,0,0,0,0,0,0,,1.0,False,,0.90200001001358,,,,,,,,,,,,,
2022090800,593,42816,LA,0,0,0,0,0,0,0,0,0,0,0,0,0,0,0,0,0,0,0,0,0,0,0,0,0,0,0,0,,0.0,False,,,,,,,,,,,,,4OR,,
2022090800,593,43294,LA,0,0,0,0,0,0,0,0,0,0,0,0,0,0,0,0,0,0,0,0,0,0,0,0,0,0,0,0,,0.0,False,,,,,,,,,,,,,FL,,
2022090800,593,43298,LA,0,0,0,0,0,0,0,0,0,0,0,0,0,0,0,0,0,0,0,0,0,0,0,0,0,0,0,0,,1.0,False,,1.00199997425079,,,,,,,,,,,,,
2022090800,593,43335,LA,0,0,0,0,0,0,0,0,0,0,0,0,0,0,0,0,0,0,0,0,0,0,0,0,0,0,0,0,,1.0,False,,1.50199997425079,,,,,,,,,,,,,
2022090800,593,47844,LA,0,0,0,0,0,0,0,0,0,0,0,0,0,0,0,0,0,0,0,0,1,0,0,0,0,0,0,0,,0.0,False,,,,,,,,,,,,,CFR,,
2022090800,593,47917,LA,0,0,0,0,0,0,0,0,0,0,0,0,0,0,0,0,0,0,0,0,0,0,0,0,0,0,0,0,,1.0,False,,1.20200002193451,,,,,,,,,,,,,
2022090800,593,48026,LA,0,0,0,0,0,0,0,0,0,0,0,0,0,0,0,0,0,0,0,0,1,0,0,0,0,0,0,0,,0.0,False,,,,,,,,,,,,,4IR,,
2022090800,593,52607,LA,0,0,0,0,0,0,0,0,0,0,0,0,0,0,0,0,0,0,0,0,0,0,0,0,0,0,0,0,,0.0,False,,,,,,,,,,,,,2L,,
2022090800,593,53532,LA,0,0,0,0,0,0,0,0,0,0,0,0,0,0,0,0,0,0,0,0,0,0,0,0,0,0,0,0,,0.0,False,,,,,,,,,,,,,HCL,,
2022090800,617,35472,BUF,0,0,0,0,0,0,0,0,0,0,0,0,0,0,0,0,0,0,0,0,0,0,0,0,0,0,0,0,,,False,,,False,False,False,,,41239.0,,,0.0,,,,
2022090800,617,42392,BUF,0,0,0,0,0,0,0,0,0,0,0,0,0,0,0,0,0,0,0,0,0,0,0,0,0,0,0,0,,,False,,,False,False,False,,,47917.0,,,0.0,,,,
2022090800,617,42489,BUF,0,0,0,0,0,0,0,0,0,0,0,0,0,0,0,0,0,0,0,0,0,0,0,0,0,0,0,0,,,False,,,False,False,False,1.0,GO,,,,,,,,
2022090800,617,44875,BUF,0,0,0,0,0,0,0,0,0,0,0,0,0,0,0,0,0,0,0,0,0,0,0,0,0,0,0,0,,,False,,,False,False,False,,,41239.0,,,0.0,,,,
2022090800,617,44985,BUF,0,0,0,0,0,1,12,1,0,0,0,0,0,0,0,0,0,0,0,0,0,0,0,0,0,0,0,0,,,False,,,True,False,True,1.0,GO,,,,,,,,
2022090800,617,46076,BUF,0,0,1,12,0,0,0,0,0,0,0,0,0,0,0,0,0,0,0,0,0,0,0,0,0,0,0,0,,,False,,,False,False,False,,,,,,,,,,
2022090800,617,47857,BUF,0,0,0,0,0,0,0,0,0,0,0,0,0,0,0,0,0,0,0,0,0,0,0,0,0,0,0,0,,,False,,,False,False,False,,,,,,,,,,
2022090800,617,47879,BUF,0,0,0,0,0,0,0,0,0,0,0,0,0,0,0,0,0,0,0,0,0,0,0,0,0,0,0,0,,,False,,,False,False,False,1.0,FLAT,43298.0,,,0.0,,,,
2022090800,617,48512,BUF,0,0,0,0,0,0,0,0,0,0,0,0,0,0,0,0,0,0,0,0,0,0,0,0,0,0,0,0,,,False,,,False,False,False,,,43335.0,,,0.0,,,,
2022090800,617,52536,BUF,0,0,0,0,0,0,0,0,0,0,0,0,0,0,0,0,0,0,0,0,0,0,0,0,0,0,0,0,,,False,,,False,False,False,1.0,IN,,,,,,,,
2022090800,617,53522,BUF,0,0,0,0,0,0,0,0,0,0,0,0,0,0,0,0,0,0,0,0,0,0,0,0,0,0,0,0,,,False,,,False,False,False,,,47844.0,,,0.0,,,,
2022090800,617,38577,LA,0,0,0,0,0,0,0,0,0,0,0,0,0,0,0,0,0,0,0,0,0,0,0,0,0,0,0,0,,0.0,False,,,,,,,,,,,,,CFR,52536.0,
2022090800,617,41239,LA,0,0,0,0,0,0,0,0,0,0,0,0,0,0,0,0,0,0,0,0,0,0,0,0,0,0,0,0,,1.0,False,,1.56400001049042,,,,,,,,,,,,,
2022090800,617,42816,LA,0,0,0,0,0,0,0,0,0,0,0,0,0,0,0,0,0,0,0,0,0,0,0,0,0,0,0,0,,0.0,False,,,,,,,,,,,,,3L,42489.0,
2022090800,617,43294,LA,0,0,0,0,0,0,0,0,0,0,0,0,0,0,0,0,0,0,0,1,0,0,0,0,0,0,0,0,,0.0,False,,,,,,,,,,,,,3R,44985.0,52536.0
2022090800,617,43298,LA,0,0,0,0,0,0,0,0,0,0,0,0,0,0,0,0,0,0,0,0,0,0,0,0,0,0,0,0,,1.0,False,,1.16400003433228,,,,,,,,,,,,,
2022090800,617,43335,LA,0,0,0,0,0,0,0,0,0,0,0,0,0,0,0,0,0,0,0,0,0,0,0,0,0,0,0,0,,1.0,False,,1.56400001049042,,,,,,,,,,,,,
2022090800,617,47844,LA,0,0,0,0,0,0,0,0,0,0,0,0,0,0,0,0,0,0,0,0,0,0,0,0,0,0,0,0,,1.0,False,,,,,,,,,,,,,,,
2022090800,617,47917,LA,0,0,0,0,0,0,0,0,0,0,0,0,0,0,0,0,0,0,0,0,0,0,0,0,0,0,0,0,,1.0,False,,1.96399998664856,,,,,,,,,,,,,
2022090800,617,48026,LA,0,0,0,0,0,0,0,0,0,0,0,0,0,0,0,0,0,0,0,0,0,0,0,0,0,0,0,0,,0.0,False,,,,,,,,,,,,,3M,,
2022090800,617,52607,LA,0,0,0,0,0,0,0,0,0,0,0,0,0,0,0,0,0,0,0,0,0,0,0,0,0,0,0,0,,0.0,False,,,,,,,,,,,,,CFL,,
2022090800,617,53532,LA,0,0,0,0,0,0,0,0,0,0,0,0,0,0,0,0,0,0,0,0,0,0,0,0,0,0,0,0,,0.0,False,,,,,,,,,,,,,HOL,,
2022090800,646,35472,BUF,0,0,0,0,0,0,0,0,0,0,0,0,0,0,0,0,0,0,0,0,0,0,0,0,0,0,0,0,,,False,,,False,False,False,,,47917.0,,,0.0,,,,
2022090800,646,42392,BUF,0,0,0,0,0,0,0,0,0,0,0,0,0,0,0,0,0,0,0,0,0,0,0,0,0,0,0,0,,,False,,,False,False,False,,,47917.0,,,0.0,,,,
2022090800,646,42448,BUF,0,0,0,0,0,0,0,0,0,0,0,0,0,0,0,0,0,0,0,0,0,0,0,0,0,0,0,0,,,False,,,False,False,False,1.0,GO,,,,,,,,
2022090800,646,42818,BUF,0,0,0,0,0,0,0,0,0,0,0,0,0,0,0,0,0,0,0,0,0,0,0,0,0,0,0,0,,,False,,,False,False,False,1.0,POST,,,,,,,,
2022090800,646,44875,BUF,0,0,0,0,0,0,0,0,0,0,0,0,0,0,0,0,0,0,0,0,0,0,0,0,0,0,0,0,,,False,,,False,False,False,,,43335.0,,,0.0,,,,
2022090800,646,46076,BUF,0,0,1,5,0,0,0,0,0,0,0,0,0,0,0,0,0,0,0,0,0,0,0,0,0,0,0,0,,,False,,,False,False,False,,,,,,,,,,
2022090800,646,47857,BUF,0,0,0,0,0,0,0,0,0,0,0,0,0,0,0,0,0,0,0,0,0,0,0,0,0,0,0,0,,,False,,,False,False,False,,,,,,,,,,
2022090800,646,47879,BUF,0,0,0,0,0,1,5,1,8,0,0,0,0,0,0,0,0,0,0,0,0,0,0,0,0,0,0,0,,,False,,,False,False,False,1.0,SCREEN,,,,,,,,
2022090800,646,48512,BUF,0,0,0,0,0,0,0,0,0,0,0,0,0,0,0,0,0,0,0,0,0,0,0,0,0,0,0,0,,,False,,,False,False,False,,,41239.0,,,0.0,,,,
2022090800,646,52536,BUF,0,0,0,0,0,0,0,0,0,0,0,0,0,0,0,0,0,0,0,0,0,0,0,0,0,0,0,0,,,False,,,False,False,False,1.0,GO,,,,,,,,
2022090800,646,53522,BUF,0,0,0,0,0,0,0,0,0,0,0,0,0,0,0,0,0,0,0,0,0,0,0,0,0,0,0,0,,,False,,,False,False,False,,,52492.0,,,0.0,,,,
2022090800,646,38577,LA,0,0,0,0,0,0,0,0,0,0,0,0,0,0,0,0,0,0,0,0,0,0,0,0,0,0,0,0,,0.0,False,,,,,,,,,,,,,HCL,,
2022090800,646,41239,LA,0,0,0,0,0,0,0,0,0,0,0,0,0,0,0,0,0,0,0,0,0,0,0,0,0,0,0,0,,1.0,False,,0.991999983787537,,,,,,,,,,,,,
2022090800,646,42816,LA,0,0,0,0,0,0,0,0,0,0,0,0,0,0,0,0,0,0,0,0,0,0,0,0,0,0,0,0,,0.0,False,,,,,,,,,,,,,3R,,
2022090800,646,43294,LA,0,0,0,0,0,0,0,0,0,0,0,0,0,0,0,0,0,0,0,0,0,0,0,0,0,0,0,0,,0.0,False,,,,,,,,,,,,,CFL,,
2022090800,646,43335,LA,0,0,0,0,0,0,0,0,0,0,0,0,0,0,0,0,0,0,0,0,0,0,0,0,0,0,0,0,,1.0,False,,,,,,,,,,,,,,,
2022090800,646,47844,LA,0,0,0,0,0,0,0,0,0,0,0,0,0,0,0,0,0,0,0,0,0,0,0,0,0,0,0,0,,0.0,False,,,,,,,,,,,,,HCR,,
2022090800,646,47862,LA,0,0,0,0,0,0,0,0,0,0,0,0,0,0,0,0,0,0,0,0,0,0,0,0,0,0,0,0,,0.0,False,,,,,,,,,,,,,3L,,
2022090800,646,47917,LA,0,0,0,0,0,0,0,0,0,0,0,0,0,0,0,0,0,0,0,0,0,0,0,0,0,0,0,0,,1.0,False,,,,,,,,,,,,,,,
2022090800,646,47939,LA,0,0,0,0,0,0,0,0,0,0,0,0,0,0,0,0,0,0,0,1,0,0,0,0,0,0,0,15,Horse Collar Tackle,0.0,False,,,,,,,,,,,,,CFR,,
2022090800,646,48026,LA,0,0,0,0,0,0,0,0,0,0,0,0,0,0,0,0,0,0,0,0,0,0,0,0,0,0,0,0,,0.0,False,,,,,,,,,,,,,3M,,
2022090800,646,52492,LA,0,0,0,0,0,0,0,0,0,0,0,0,0,0,0,0,0,0,0,0,0,0,0,0,0,0,0,0,,1.0,False,,0.791999995708466,,,,,,,,,,,,,
2022090800,692,35472,BUF,0,0,0,0,0,0,0,0,0,0,0,0,0,0,0,0,0,0,0,0,0,0,0,0,0,0,0,0,,,False,,,False,False,False,,,43335.0,47917.0,,0.0,,,,
2022090800,692,42392,BUF,0,0,0,0,0,0,0,0,0,0,0,0,0,0,0,0,0,0,0,0,0,0,0,0,0,0,0,0,,,False,,,False,False,False,,,47917.0,,,0.0,,,,
2022090800,692,42489,BUF,0,0,0,0,0,1,3,1,2,0,0,0,0,0,0,0,0,0,0,0,0,0,0,0,0,0,0,0,,,False,,,False,False,False,1.0,FLAT,,,,,,,,
2022090800,692,44875,BUF,0,0,0,0,0,0,0,0,0,0,0,0,0,0,0,0,0,0,0,0,0,0,0,0,0,0,0,0,,,False,,,False,False,False,,,43335.0,,,0.0,,,,
2022090800,692,46076,BUF,0,0,1,3,0,0,0,0,0,0,0,0,0,0,0,0,0,0,0,0,0,0,0,0,0,0,0,0,,,False,,,False,False,False,,,,,,,,,,
2022090800,692,47857,BUF,0,0,0,0,0,0,0,0,0,0,0,0,0,0,0,0,0,0,0,0,0,0,0,0,0,0,0,0,,,False,,,False,False,False,1.0,OUT,,,,,,,,
2022090800,692,48011,BUF,0,0,0,0,0,0,0,0,0,0,0,0,0,0,0,0,0,0,0,0,0,0,0,0,0,0,0,0,,,False,,,False,False,False,1.0,ANGLE,,,,,,,,
2022090800,692,48512,BUF,0,0,0,0,0,0,0,0,0,0,0,0,0,0,0,0,0,0,0,0,0,0,0,0,0,0,0,0,,,False,,,False,False,False,,,48770.0,,,0.0,,,,
2022090800,692,52536,BUF,0,0,0,0,0,0,0,0,0,0,0,0,0,0,0,0,0,0,0,0,0,0,0,0,0,0,0,0,,,False,,,False,False,False,1.0,HITCH,,,,,,,,
2022090800,692,53079,BUF,0,0,0,0,0,0,0,0,0,0,0,0,0,0,0,0,0,0,0,0,0,0,0,0,0,0,0,0,,,False,,,False,False,False,1.0,HITCH,,,,,,,,
2022090800,692,53522,BUF,0,0,0,0,0,0,0,0,0,0,0,0,0,0,0,0,0,0,0,0,0,0,0,0,0,0,0,0,,,False,,,False,False,False,,,52492.0,,,0.0,,,,
2022090800,692,38577,LA,0,0,0,0,0,0,0,0,0,0,0,0,0,0,0,0,0,0,0,1,0,0,0,0,0,0,0,0,,0.0,False,,,,,,,,,,,,,HCL,52536.0,
2022090800,692,43294,LA,0,0,0,0,0,0,0,0,0,0,0,0,0,0,0,0,0,0,0,0,0,0,0,0,0,0,0,0,,0.0,False,,,,,,,,,,,,,3R,53079.0,
2022090800,692,43335,LA,0,0,0,0,0,0,0,0,0,0,0,0,0,0,0,0,0,0,0,0,0,0,0,0,0,0,0,0,,1.0,False,,1.15699994564056,,,,,,,,,,,,,
2022090800,692,47844,LA,0,0,0,0,0,0,0,0,0,0,0,0,0,0,0,0,0,0,0,0,0,0,0,0,0,0,0,0,,0.0,False,,,,,,,,,,,,,3M,,
2022090800,692,47862,LA,0,0,0,0,0,0,0,0,0,0,0,0,0,0,0,0,0,0,0,0,0,0,0,0,0,0,0,0,,0.0,False,,,,,,,,,,,,,3L,42489.0,
2022090800,692,47917,LA,0,0,0,0,0,0,0,0,0,0,0,0,0,0,0,0,0,0,0,0,0,0,0,0,0,0,0,0,,1.0,False,,0.757000029087067,,,,,,,,,,,,,
2022090800,692,47939,LA,0,0,0,0,0,0,0,0,0,0,0,0,0,0,0,0,0,0,0,0,0,0,0,0,0,0,0,0,,0.0,False,,,,,,,,,,,,,CFR,47857.0,
2022090800,692,48026,LA,0,0,0,0,0,0,0,0,0,0,0,0,0,0,0,0,0,0,0,0,0,0,0,0,0,0,0,0,,0.0,False,,,,,,,,,,,,,CFL,52536.0,
2022090800,692,48770,LA,0,0,0,0,0,0,0,0,0,0,0,0,0,0,0,0,0,0,0,0,0,0,0,0,0,0,0,0,,1.0,False,,1.15699994564056,,,,,,,,,,,,,
2022090800,692,52492,LA,0,0,0,0,0,0,0,0,0,0,0,0,0,0,0,0,0,0,0,0,0,0,0,0,0,0,0,0,,1.0,False,,1.35699999332428,,,,,,,,,,,,,
2022090800,692,53532,LA,0,0,0,0,0,0,0,0,0,0,0,0,0,0,0,0,0,0,0,0,0,0,0,0,0,0,0,0,,0.0,False,,,,,,,,,,,,,HCR,48011.0,
2022090800,721,35472,BUF,0,0,0,0,0,0,0,0,0,0,0,0,0,0,0,0,0,0,0,0,0,0,0,0,0,0,0,0,,,False,,,False,False,False,,,48770.0,,,0.0,,,,
2022090800,721,42392,BUF,0,0,0,0,0,0,0,0,0,0,0,0,0,0,0,0,0,0,0,0,0,0,0,0,0,0,0,0,,,False,,,False,False,False,,,47917.0,,,0.0,,,,
2022090800,721,42448,BUF,0,0,0,0,0,0,0,0,0,0,0,0,0,0,0,0,0,0,0,0,0,0,0,0,0,0,0,0,,,False,,,False,True,True,1.0,HITCH,,,,,,,,
2022090800,721,44875,BUF,0,0,0,0,0,0,0,0,0,0,0,0,0,0,0,0,0,0,0,0,0,0,0,0,0,0,0,0,,,False,,,False,False,False,,,47939.0,,,0.0,,,,
2022090800,721,44985,BUF,0,0,0,0,0,0,0,1,0,0,0,0,0,0,0,0,0,0,0,1,0,0,0,0,0,0,0,0,,,False,,,False,True,True,1.0,SLANT,,,,,,,,
2022090800,721,46076,BUF,0,0,0,0,0,0,0,0,0,0,0,0,0,0,0,0,0,0,0,0,0,0,0,0,0,0,0,0,,,False,,,False,False,False,,,,,,,,,,
2022090800,721,47857,BUF,0,0,0,0,0,0,0,0,0,0,0,0,0,0,0,0,0,0,0,0,0,0,0,0,0,0,0,0,,,False,,,False,True,True,,,,,,,,,,
2022090800,721,48011,BUF,0,0,0,0,0,0,0,0,0,0,0,0,0,0,0,0,0,0,0,0,0,0,0,0,0,0,0,0,,,False,,,False,False,False,1.0,IN,,,,,,,,
2022090800,721,48512,BUF,0,0,0,0,0,0,0,0,0,0,0,0,0,0,0,0,0,0,0,0,0,0,0,0,0,0,0,0,,,False,,,False,False,False,,,47917.0,,,0.0,,,,
2022090800,721,52536,BUF,0,0,0,0,0,0,0,0,0,0,0,0,0,0,0,0,0,0,0,0,0,0,0,0,0,0,0,0,,,False,,,False,False,False,1.0,GO,,,,,,,,
2022090800,721,53522,BUF,0,0,0,0,0,0,0,0,0,0,0,0,0,0,0,0,0,0,0,0,0,0,0,0,0,0,0,0,,,False,,,False,False,False,,,43335.0,,,0.0,,,,
2022090800,721,38577,LA,0,0,0,0,0,0,0,0,0,0,0,0,0,0,0,0,0,0,0,0,0,0,0,0,0,0,0,0,,0.0,False,,,,,,,,,,,,,HCR,47857.0,
2022090800,721,42816,LA,0,0,0,0,0,0,0,0,0,0,0,0,0,0,0,0,0,0,0,0,0,0,0,0,0,0,0,0,,0.0,False,,,,,,,,,,,,,3L,,
2022090800,721,43294,LA,0,0,0,0,0,0,0,0,0,0,0,0,0,0,0,0,0,0,0,0,0,0,0,0,0,0,0,0,,0.0,False,,,,,,,,,,,,,CFR,42448.0,
2022090800,721,43335,LA,0,0,0,0,0,0,0,0,0,0,0,0,0,0,0,0,0,0,0,0,0,0,0,0,0,0,0,0,,1.0,False,,1.21700000762939,,,,,,,,,,,,,
2022090800,721,47844,LA,0,0,0,0,0,0,0,0,0,0,0,0,0,0,0,0,0,0,0,0,0,0,0,0,0,0,0,0,,0.0,False,,,,,,,,,,,,,3M,,
2022090800,721,47862,LA,0,0,0,0,0,0,0,0,0,0,0,0,0,0,0,0,0,0,0,0,0,0,0,0,0,0,0,0,,0.0,False,,,,,,,,,,,,,3R,52536.0,
2022090800,721,47917,LA,0,0,0,0,0,0,0,0,0,0,0,0,0,0,0,0,0,0,0,0,0,0,0,0,0,0,0,0,,1.0,False,,0.916999995708466,,,,,,,,,,,,,
2022090800,721,47939,LA,0,0,0,0,0,0,0,0,0,0,0,0,0,0,0,0,0,0,0,0,0,0,0,0,0,0,0,0,,1.0,False,,0.717000007629395,,,,,,,,,,,,,
2022090800,721,48026,LA,0,0,0,0,0,0,0,0,0,0,0,0,0,0,0,0,0,0,0,0,0,0,0,0,0,0,0,0,,0.0,False,,,,,,,,,,,,,HCL,48011.0,
2022090800,721,48770,LA,0,0,0,0,0,0,0,0,0,0,0,0,0,0,0,0,0,0,0,0,0,0,0,0,0,0,0,0,,1.0,False,,0.916999995708466,,,,,,,,,,,,,
2022090800,721,52492,LA,0,0,0,0,0,0,0,0,0,0,0,0,0,0,0,1,0,0,0,0,0,0,0,1,0,0,0,0,,0.0,False,,,,,,,,,,,,,CFL,44985.0,
2022090800,775,40107,BUF,0,0,0,0,0,0,0,0,0,0,0,0,0,0,0,0,0,0,0,0,0,0,0,0,0,0,0,0,,0.0,False,,,,,,,,,,,,,CFR,44881.0,41290.0
2022090800,775,40166,BUF,0,0,0,0,0,0,0,0,0,0,0,0,0,0,0,0,0,0,0,0,0,0,0,0,0,0,0,0,,0.0,False,,,,,,,,,,,,,3M,,
2022090800,775,42395,BUF,0,0,0,0,0,0,0,0,0,0,0,0,0,0,0,0,0,0,0,0,0,0,0,0,0,0,0,0,,1.0,False,,1.23599994182587,,,,,,,,,,,,,
2022090800,775,44976,BUF,0,0,0,0,0,0,0,0,0,0,0,0,0,0,0,0,0,0,0,0,0,0,0,0,0,0,0,0,,0.0,False,,,,,,,,,,,,,CFL,43399.0,
2022090800,775,46085,BUF,0,0,0,0,0,0,0,0,0,0,0,0,0,0,0,0,0,0,0,1,0,0,0,0,0,0,0,0,,0.0,False,,,,,,,,,,,,,HCL,44881.0,
2022090800,775,46190,BUF,0,0,0,0,0,0,0,0,0,0,0,0,0,0,0,0,0,0,0,0,0,0,0,0,0,0,0,0,,0.0,False,,,,,,,,,,,,,HCR,,
2022090800,775,46232,BUF,0,0,0,0,0,0,0,0,0,0,0,0,0,0,0,0,0,0,0,0,0,0,0,0,0,0,0,0,,1.0,False,,0.836000025272369,,,,,,,,,,,,,
2022090800,775,52462,BUF,0,0,0,0,0,0,0,0,0,0,0,0,0,0,0,0,0,0,0,0,0,0,0,0,0,0,0,0,,1.0,False,,0.635999977588654,,,,,,,,,,,,,
2022090800,775,52647,BUF,0,0,0,0,0,0,0,0,0,0,0,0,0,0,0,0,0,0,0,0,0,0,0,0,0,0,0,0,,0.0,False,,,,,,,,,,,,,3R,,
2022090800,775,53459,BUF,0,0,0,0,0,0,0,0,0,0,0,0,0,0,0,0,0,0,0,0,0,0,0,0,0,0,0,0,,1.0,False,,0.736000001430511,,,,,,,,,,,,,
2022090800,775,54650,BUF,0,0,0,0,0,0,0,0,0,0,0,0,0,0,0,0,0,0,0,0,0,0,0,0,0,0,0,0,,0.0,False,,,,,,,,,,,,,3L,43399.0,
2022090800,775,34452,LA,0,0,1,6,0,0,0,0,0,0,0,0,0,0,0,0,0,0,0,0,0,0,0,0,0,0,0,0,,,False,,,False,False,False,,,,,,,,,,
2022090800,775,41290,LA,0,0,0,0,0,0,0,0,0,0,0,0,0,0,0,0,0,0,0,0,0,0,0,0,0,0,0,0,,,False,,,False,False,False,1.0,OUT,,,,,,,,
2022090800,775,42400,LA,0,0,0,0,0,0,0,0,0,0,0,0,0,0,0,0,0,0,0,0,0,0,0,0,0,0,0,0,,,False,,,False,False,False,,,53459.0,,,0.0,,,,
2022090800,775,43399,LA,0,0,0,0,0,0,0,0,0,0,0,0,0,0,0,0,0,0,0,0,0,0,0,0,0,0,0,0,,,False,,,False,False,False,1.0,GO,,,,,,,,
2022090800,775,44881,LA,0,0,0,0,0,1,6,1,1,0,0,0,0,0,0,0,0,0,0,0,0,0,0,0,0,0,0,0,,,False,,,False,False,False,1.0,HITCH,,,,,,,,
2022090800,775,46158,LA,0,0,0,0,0,0,0,0,0,0,0,0,0,0,0,0,0,0,0,0,0,0,0,0,0,0,0,0,,,False,,,False,False,False,,,52462.0,,,0.0,,,,
2022090800,775,46180,LA,0,0,0,0,0,0,0,0,0,0,0,0,0,0,0,0,0,0,0,0,0,0,0,0,0,0,0,0,,,False,,,False,False,False,,,46232.0,,,0.0,,,,
2022090800,775,46376,LA,0,0,0,0,0,0,0,0,0,0,0,0,0,0,0,0,0,0,0,0,0,0,0,0,0,0,0,0,,,False,,,False,False,False,,,46232.0,,,0.0,,,,
2022090800,775,47853,LA,0,0,0,0,0,0,0,0,0,0,0,0,0,0,0,0,0,0,0,0,0,0,0,0,0,0,0,0,,,False,,,False,False,False,1.0,FLAT,,,,,,,,
2022090800,775,47952,LA,0,0,0,0,0,0,0,0,0,0,0,0,0,0,0,0,0,0,0,0,0,0,0,0,0,0,0,0,,,False,,,False,False,False,,,42395.0,,,0.0,,,,
2022090800,775,53678,LA,0,0,0,0,0,0,0,0,0,0,0,0,0,0,0,0,0,0,0,0,0,0,0,0,0,0,0,0,,,False,,,False,False,False,1.0,IN,,,,,,,,
