gameId,playId,playDescription,quarter,down,yardsToGo,possessionTeam,defensiveTeam,yardlineSide,yardlineNumber,gameClock,preSnapHomeScore,preSnapVisitorScore,playNullifiedByPenalty,absoluteYardlineNumber,preSnapHomeTeamWinProbability,preSnapVisitorTeamWinProbability,expectedPoints,offenseFormation,receiverAlignment,playClockAtSnap,passResult,passLength,targetX,targetY,playAction,dropbackType,dropbackDistance,passLocationType,timeToThrow,timeInTackleBox,timeToSack,passTippedAtLine,unblockedPressure,qbSpike,qbKneel,qbSneak,rushLocationType,penaltyYards,prePenaltyYardsGained,yardsGained,homeTeamWinProbabilityAdded,visitorTeamWinProbilityAdded,expectedPointsAdded,isDropback,pff_runConceptPrimary,pff_runConceptSecondary,pff_runPassOption,pff_passCoverage,pff_manZone
2022090800,692,(1:25) (Shotgun) J.Allen pass short right to S.Diggs to LA 29 for 3 yards (B.Wagner).,1,1,10,BUF,LA,LA,32,01:25,0,7,N,42,0.174776028841734,0.825223971158266,4.05885368946474,SHOTGUN,2x1,7.0,C,1.0,40.68,43.74,False,TRADITIONAL,2.84999990463257,INSIDE_BOX,2.769,2.76900005340576,,False,False,False,0,,,,3,3,0.0098409485071897,-0.0098409485071897,-0.276642305660062,True,,,0,Cover-3 Seam,Zone
2022090800,486,"(5:53) (No Huddle, Shotgun) M.Stafford pass short right to C.Kupp to BUF 45 for 6 yards (J.Poyer).",1,3,14,LA,BUF,LA,49,05:53,0,7,N,59,0.272012449800968,0.727987550199032,0.825719450367615,EMPTY,3x2,20.0,C,6.0,63.35,20.45,False,TRADITIONAL,2.90000009536743,INSIDE_BOX,2.169,2.16899991035461,,False,False,False,0,,,,6,6,-0.0160776861011982,0.0160776861011982,-1.04183847806416,True,,,0,Cover-3,Zone
2022090800,467,"(6:21) (No Huddle, Shotgun) M.Stafford sacked at LA 49 for -8 yards (V.Miller).",1,2,6,LA,BUF,BUF,43,06:21,0,7,N,67,0.32427379861474,0.67572620138526,2.91986055043526,SHOTGUN,2x2,20.0,S,,,,False,TRADITIONAL,3.69000005722046,INSIDE_BOX,,,5.205,False,False,False,0,,,,-8,-8,-0.0522613488137722,0.0522613488137722,-2.09414110006765,True,,,0,Cover-3,Zone
2022090800,80,"(14:29) (No Huddle, Shotgun) J.Allen scrambles right end to BUF 38 for 7 yards (E.Jones).",1,2,4,BUF,LA,BUF,31,14:29,0,0,N,79,0.413315732032061,0.586684267967939,1.30311907688156,EMPTY,3x2,16.0,R,,,,False,SCRAMBLE,1.01999998092651,,,,,,False,,0,False,INSIDE_RIGHT,,7,7,-0.0134966485202312,0.0134966485202312,0.82357050711289,True,,,0,Cover 6-Left,Zone
2022090800,122,(13:15) (Shotgun) J.Allen pass short right to D.Singletary to LA 49 for 6 yards (B.Wagner).,1,2,3,BUF,LA,BUF,45,13:15,0,0,N,65,0.384969364851713,0.615030635148287,2.68905307259411,SHOTGUN,2x1,9.0,C,-3.0,68.52,37.19,False,TRADITIONAL,2.41000008583069,INSIDE_BOX,2.903,2.90300011634827,,False,False,False,0,,,,6,6,-0.0190317071974277,0.0190317071974277,0.399208846967667,True,,,0,Cover-3,Zone
2022090800,617,(2:32) (Shotgun) J.Allen pass short left to I.McKenzie to BUF 48 for 12 yards (J.Ramsey).,1,1,10,BUF,LA,BUF,36,02:32,0,7,N,74,0.206512091681361,0.793487908318639,1.96446756692603,SHOTGUN,2x1,9.0,C,12.0,63.93,4.4,True,TRADITIONAL,0.610000014305115,INSIDE_BOX,2.669,2.66899991035461,,False,False,False,0,,,,12,12,-0.0022524818778038,0.0022524818778038,0.741917429259047,True,INSIDE ZONE,,0,Cover-3,Zone
2022090800,550,(4:26) (Shotgun) J.Allen sacked at BUF 15 for -1 yards (A.Donald).,1,2,3,BUF,LA,BUF,16,04:26,0,7,N,94,0.229978252202272,0.770021747797728,0.406292538158596,SHOTGUN,2x2,8.0,S,,,,False,TRADITIONAL,1.73000001907349,INSIDE_BOX,,,4.405,False,False,False,0,,,,-1,-1,0.0221339613199234,-0.0221339613199234,-1.1758899660781,True,,,0,Cover-3 Seam,Zone
2022090800,364,(8:25) (Shotgun) M.Stafford pass deep right to C.Kupp ran ob at LA 42 for 23 yards (J.Poyer).,1,3,8,LA,BUF,LA,19,08:25,0,7,N,29,0.251889707520604,0.748110292479396,-0.666245976928622,SHOTGUN,3x1,7.0,C,22.0,49.93,2.48,False,TRADITIONAL,3.16000008583069,OUTSIDE_RIGHT,4.004,3.90000009536743,,False,False,False,0,,,,23,23,0.0621754545718431,-0.0621754545718431,3.1243814942427,True,,,0,Cover 6-Left,Zone
2022090800,299,(9:52) D.Henderson up the middle to LA 22 for 5 yards (G.Rousseau).,1,1,10,LA,BUF,LA,17,09:52,0,7,N,27,0.269680541008711,0.730319458991289,0.723415662068874,SINGLEBACK,2x2,18.0,,,,,False,,,,,,,,,,0,False,INSIDE_RIGHT,,5,5,7.19912350177765e-05,-7.19912350177765e-05,-0.105841164942831,False,INSIDE ZONE,SPLIT,0,Cover-3,Zone
2022090800,191,"(11:20) Z.Moss right end to LA 34 for 1 yard (T.Lewis, G.Gaines).",1,1,10,BUF,LA,LA,35,11:20,0,0,N,45,0.355683613568544,0.644316386431456,3.94764705013949,SINGLEBACK,3x1,13.0,,,,,False,,,,,,,,,,0,False,OUTSIDE_RIGHT,,1,1,0.0040013045072555,-0.0040013045072555,-0.413324968074448,False,PULL LEAD,PITCH,0,Cover 6-Left,Zone
2022090800,569,(3:46) (Shotgun) J.Allen pass short right to S.Diggs to BUF 25 for 10 yards (N.Scott).,1,3,4,BUF,LA,BUF,15,03:46,0,7,N,95,0.252112213522196,0.747887786477804,-0.769597427919507,SHOTGUN,2x2,7.0,C,8.0,87.89,37.83,False,TRADITIONAL,1.70000004768372,INSIDE_BOX,1.868,1.86800003051758,,False,False,False,0,,,,10,10,-0.0256726089864969,0.0256726089864969,2.01205852394924,True,,,0,Cover-3,Zone
2022090800,101,(13:54) D.Singletary right end to BUF 45 for 7 yards (T.Hill).,1,1,10,BUF,LA,BUF,38,13:54,0,0,N,72,0.399819083511829,0.600180916488171,2.12668958399445,I_FORM,2x1,13.0,,,,,False,,,,,,,,,,0,False,INSIDE_RIGHT,,7,7,-0.0148497186601162,0.0148497186601162,0.562363488599658,False,OUTSIDE ZONE,LEAD,0,Cover-6 Right,Zone
2022090800,529,(5:06) (Shotgun) D.Singletary right guard to BUF 16 for 7 yards (T.Hill).,1,1,10,BUF,LA,BUF,9,05:06,0,7,N,101,0.234730739146471,0.765269260853529,0.23759504687041,SHOTGUN,2x1,18.0,,,,,False,,,,,,,,,,0,False,INSIDE_RIGHT,,7,7,-0.0047524869441986,0.0047524869441986,0.168697491288185,False,INSIDE ZONE,SPLIT,0,Cover-2,Zone
2022090800,438,(6:48) M.Stafford pass short left to B.Skowronek pushed ob at BUF 43 for 4 yards (C.Benford).,1,1,10,LA,BUF,BUF,47,06:48,0,7,N,63,0.328491032123566,0.671508967876434,3.15820428263396,SINGLEBACK,2x2,15.0,C,-1.0,61.53,46.34,True,TRADITIONAL,6.38000011444092,INSIDE_BOX,3.636,3.63599991798401,,False,False,False,0,,,,4,4,-0.0042172335088253,0.0042172335088253,-0.2383437321987,True,UNDEFINED,,0,Cover-2,Zone
2022090800,775,"(:17) (No Huddle, Shotgun) M.Stafford pass short right to C.Kupp to LA 30 for 6 yards (T.Edmunds).",1,2,10,LA,BUF,LA,24,00:17,0,7,N,34,0.257439123466611,0.742560876533389,0.412995046935976,SHOTGUN,2x2,24.0,C,5.0,38.5,17.59,False,TRADITIONAL,3.17000007629395,INSIDE_BOX,2.369,2.36899995803833,,False,False,False,0,,,,6,6,-0.0070189237594604,0.0070189237594604,-0.200449468567967,True,,,0,Cover-3,Zone
2022090800,646,"(1:53) J.Allen pass short left to D.Knox to LA 47 for 5 yards (J.Hollins). PENALTY on LA-J.Hollins, Horse Collar Tackle, 15 yards, enforced at LA 47.",1,1,10,BUF,LA,BUF,48,01:53,0,7,N,62,0.204259609803557,0.795740390196443,2.70638499618508,SINGLEBACK,2x2,9.0,C,-3.0,64.43,16.36,True,TRADITIONAL,6.55999994277954,INSIDE_BOX,2.336,2.33599996566772,,False,False,False,0,,,15.0,5,20,-0.0294835809618235,0.0294835809618235,1.35246869327966,True,INSIDE ZONE,,0,Cover-3,Zone
2022090800,167,(11:54) (Shotgun) J.Allen pass short middle to S.Diggs to LA 35 for 12 yards (L.Floyd).,1,2,8,BUF,LA,LA,47,11:54,0,0,N,57,0.387553591281176,0.612446408718824,2.57420611265115,EMPTY,3x2,9.0,C,6.0,52.69,28.93,False,TRADITIONAL,1.25,INSIDE_BOX,1.868,1.86800003051758,,False,False,False,0,,,,12,12,-0.0318699777126312,0.0318699777126312,1.37344093748834,True,,,0,Cover-3,Zone
2022090800,393,(7:45) (Shotgun) D.Henderson right guard to LA 43 for 1 yard (T.Settle).,1,1,10,LA,BUF,LA,42,07:45,0,7,N,52,0.314065162092447,0.685934837907553,2.45813551731408,SHOTGUN,2x2,2.0,,,,,False,,,,,,,,,,0,False,INSIDE_RIGHT,,1,1,-0.0152631364762783,0.0152631364762783,-0.38633546885103,False,INSIDE ZONE,SPLIT,0,Cover-3,Zone
2022090800,593,(3:10) (Shotgun) J.Allen pass short left to J.Crowder to BUF 36 for 11 yards (T.Rapp; N.Scott).,1,1,10,BUF,LA,BUF,25,03:10,0,7,N,85,0.226439604535699,0.773560395464301,1.24246109602973,SHOTGUN,2x1,11.0,C,-1.0,86.26,13.31,False,TRADITIONAL,0.109999999403954,INSIDE_BOX,1.368,1.36800003051758,,False,False,False,0,,,,11,11,-0.0199275128543377,0.0199275128543377,0.722006470896304,True,DRAW,,1,Cover 6-Left,Zone
2022090800,721,"(:45) (No Huddle, Shotgun) J.Allen pass short right intended for I.McKenzie INTERCEPTED by T.Lewis at LA 24. T.Lewis to LA 24 for no gain (I.McKenzie).",1,2,7,BUF,LA,LA,29,00:45,0,7,N,39,0.184616977348924,0.815383022651076,3.78221138380468,SHOTGUN,2x2,10.0,IN,5.0,33.99,41.5,False,TRADITIONAL,1.77999997138977,INSIDE_BOX,1.869,1.86899995803833,,False,False,False,0,,,,0,0,0.079390162602067,-0.079390162602067,-4.73727653035894,True,,,0,Cover-3,Zone
2022090800,236,"(10:03) J.Allen pass short right to G.Davis for 26 yards, TOUCHDOWN.",1,3,1,BUF,LA,LA,26,10:03,0,0,N,36,0.341446712613106,0.658553287386894,4.08167428860907,I_FORM,2x1,9.0,C,15.0,21.37,43.39,True,DESIGNED_ROLLOUT_RIGHT,6.28000020980835,OUTSIDE_RIGHT,2.636,1.89999997615814,,False,False,False,0,,,,26,26,-0.063680924475193,0.063680924475193,2.91832571139093,True,POWER,,0,Cover-3,Zone
2022090800,56,(15:00) (Shotgun) J.Allen pass short right to S.Diggs to BUF 31 for 6 yards (J.Ramsey).,1,1,10,BUF,LA,BUF,25,15:00,0,0,N,85,0.413346942514181,0.586653057485819,1.29869867442176,SHOTGUN,2x2,12.0,C,5.0,80.48,37.68,False,TRADITIONAL,0.990000009536743,INSIDE_BOX,2.169,2.16899991035461,,False,False,False,0,,,,6,6,-3.12104821205139e-05,3.12104821205139e-05,0.0044204024598002,True,,,0,Cover 6-Left,Zone
2022090800,343,(9:04) (Shotgun) D.Henderson up the middle to LA 19 for 2 yards (T.Edmunds).,1,2,10,LA,BUF,LA,17,09:04,0,7,N,27,0.260002767667174,0.739997232332826,0.0709334746934474,SHOTGUN,2x2,1.0,,,,,False,,,,,,,,,,0,False,OUTSIDE_RIGHT,,2,2,-0.0081130601465702,0.0081130601465702,-0.737179451622069,False,INSIDE ZONE,SPLIT,0,Cover-3,Zone
2022090800,414,"(7:23) (No Huddle, Shotgun) M.Stafford pass short right to T.Higbee to BUF 47 for 10 yards (D.Jackson).",1,2,9,LA,BUF,LA,43,07:23,0,7,N,53,0.298802025616169,0.701197974383831,2.07180004846305,EMPTY,4x1,26.0,C,-3.0,49.27,16.63,False,TRADITIONAL,0.200000002980232,INSIDE_BOX,2.502,2.50200009346008,,False,False,False,0,,,,10,10,0.0296890065073967,-0.0296890065073967,1.08640423417091,True,,,0,Cover-2,Zone
2022090800,212,(10:42) (Shotgun) J.Allen pass short right to Z.Moss to LA 26 for 8 yards (B.Wagner).,1,2,9,BUF,LA,LA,34,10:42,0,0,N,44,0.3596849180758,0.6403150819242,3.53432208206505,SHOTGUN,2x2,10.0,C,6.0,38.35,45.54,False,SCRAMBLE,1.75,OUTSIDE_RIGHT,4.905,3.70000004768372,,False,False,False,0,,,,8,8,-0.0182382054626942,0.0182382054626942,0.547352206544019,True,,,0,Cover-1,Man
