gameId,playId,nflId,tackle,assist,forcedFumble,pff_missedTackle
2022090800,101,42816,1,0,0,0
2022090800,393,46232,1,0,0,0
2022090800,486,40166,1,0,0,0
2022090800,646,47939,1,0,0,0
2022090800,818,40107,1,0,0,0
2022090800,167,43298,1,0,0,0
2022090800,80,53532,1,0,0,0
2022090800,617,43294,1,0,0,0
2022090800,438,54650,1,0,0,0
2022090800,692,38577,1,0,0,0
2022090800,56,43294,1,0,0,0
2022090800,343,46085,1,0,0,0
2022090800,364,40166,1,0,0,0
2022090800,775,46085,1,0,0,0
2022090800,299,53459,1,0,0,0
2022090800,414,52647,1,0,0,0
2022090800,569,48026,1,0,0,0
2022090800,122,38577,1,0,0,0
2022090800,191,52492,1,0,0,0
2022090800,212,38577,1,0,0,0
2022090800,529,42816,1,0,0,0
2022090800,867,43294,1,0,0,0
2022090800,191,47917,0,1,0,0
2022090800,593,48026,0,1,0,0
2022090800,593,47844,0,1,0,0
2022090800,146,38577,0,1,0,0
2022090800,146,43335,0,1,0,0
2022090800,818,54650,0,1,0,0
